name,chipset,vram,tdp
Sapphire Pulse Radeon RX 6600 Gaming,Radeon RX 6600,8,132
Aorus RTX 3070 Master,GeForce RTX 3070,8,220
ASRock Arc A750 Challenger D OC,Intel Arc A750,8,225
ASRock Arc B580 Challenger OC,Intel Arc B580,12,190
ASRock Arc B580 Steel Legend OC,Intel Arc B580,12,190
ASRock Radeon RX 7600 Challenger 8GO,Radeon RX 7600,8,165
ASRock Radeon RX 7600 Phantom Gaming 8GO,Radeon RX 7600,8,165
ASRock Radeon RX 7600 Steel Legend 8GO,Radeon RX 7600,8,165
ASRock Radeon RX 7600 XT Challenger 16GO,Radeon RX 7600 XT (16GB),16,190
ASRock Radeon RX 7600 XT Steel Legend 16GO,Radeon RX 7600 XT (16GB),16,190
ASRock Radeon RX 7700 XT Challenger 12GO,Radeon RX 7700 XT,12,245
ASRock Radeon RX 7700 XT Phantom Gaming 12GO,Radeon RX 7700 XT,12,245
ASRock Radeon RX 7700 XT Steel Legend 12GO,Radeon RX 7700 XT,12,245
ASRock Radeon RX 7800 XT Challenger 16GO,Radeon RX 7800 XT,16,263
ASRock Radeon RX 7800 XT Phantom Gaming 16GO,Radeon RX 7800 XT,16,263
ASRock Radeon RX 7800 XT Steel Legend 16GO,Radeon RX 7800 XT,16,263
ASUS GeForce RTX 3050 Dual,GeForce RTX 3050 (8GB),8,130
ASUS GeForce RTX 3050 Phoenix,GeForce RTX 3050 (8GB),8,130
ASUS GeForce RTX 3050 ROG Strix,GeForce RTX 3050 (8GB),8,130
ASUS GeForce RTX 3060 Dual LHR,GeForce RTX 3060,12,170
ASUS GeForce RTX 3060 Dual OC,GeForce RTX 3060,12,170
ASUS GeForce RTX 3060 Phoenix V2 12G LHR,GeForce RTX 3060,12,170
ASUS GeForce RTX 3060 ROG Strix,GeForce RTX 3060,12,170
ASUS GeForce RTX 3060 ROG Strix LHR,GeForce RTX 3060,12,170
ASUS GeForce RTX 3060 ROG Strix OC,GeForce RTX 3060,12,170
ASUS GeForce RTX 3060 Ti Dual Mini V2 O8G LHR,GeForce RTX 3060 Ti,8,250
ASUS GeForce RTX 3060 Ti Dual V2 O8G LHR,GeForce RTX 3060 Ti,8,200
ASUS GeForce RTX 3060 Ti ROG Strix V2 O8G LHR,GeForce RTX 3060 Ti,8,220
ASUS GeForce RTX 3060 Ti TUF V2 8G LHR,GeForce RTX 3060 Ti,8,200
ASUS GeForce RTX 3060 Ti TUF V2 O8G LHR,GeForce RTX 3060 Ti,8,200
ASUS GeForce RTX 3060 TUF,GeForce RTX 3060,12,170
ASUS GeForce RTX 3060 TUF LHR,GeForce RTX 3060,12,170
ASUS GeForce RTX 3060 TUF OC,GeForce RTX 3060,12,170
ASUS GeForce RTX 3070 Dual V2 O8G LHR,GeForce RTX 3070,8,220
ASUS GeForce RTX 3070 Noctua Edition,GeForce RTX 3070,8,220
ASUS GeForce RTX 3070 ROG Strix 8G White LHR,GeForce RTX 3070,8,220
ASUS GeForce RTX 3070 ROG Strix O8G White LHR,GeForce RTX 3070,8,220
ASUS GeForce RTX 3070 ROG Strix V2 O8G LHR,GeForce RTX 3070,8,220
ASUS GeForce RTX 3070 Ti ROG Strix,GeForce RTX 3070 Ti,8,290
ASUS GeForce RTX 3070 Ti ROG Strix OC,GeForce RTX 3070 Ti,8,290
ASUS GeForce RTX 3070 Ti TUF O8G LHR,GeForce RTX 3070 Ti,8,290
ASUS GeForce RTX 3070 TUF V2 O8G LHR,GeForce RTX 3070,8,220
ASUS GeForce RTX 3080 Noctua,GeForce RTX 3080,10,320
ASUS GeForce RTX 3080 ROG Strix 1,GeForce RTX 3080,10,320
ASUS GeForce RTX 3080 ROG Strix O1,GeForce RTX 3080,10,320
ASUS GeForce RTX 3080 ROG Strix V2 10G LHR,GeForce RTX 3080,10,320
ASUS GeForce RTX 3080 ROG Strix V2 O10G LHR,GeForce RTX 3080,10,320
ASUS GeForce RTX 3080 Ti ROG Strix O12G,GeForce RTX 3080 Ti,12,350
ASUS GeForce RTX 3080 Ti TUF,GeForce RTX 3080 Ti,12,350
ASUS GeForce RTX 3080 Ti TUF O12G,GeForce RTX 3080 Ti,12,350
ASUS GeForce RTX 3080 TUF Gaming 1,GeForce RTX 3080,10,320
ASUS GeForce RTX 3080 TUF Gaming O1,GeForce RTX 3080,10,320
ASUS GeForce RTX 3080 TUF V2 10G LHR,GeForce RTX 3080,10,320
ASUS GeForce RTX 3080 TUF V2 O10G LHR,GeForce RTX 3080,10,320
ASUS GeForce RTX 3090 ROG Strix 2,GeForce RTX 3090,24,350
ASUS GeForce RTX 3090 ROG Strix O2,GeForce RTX 3090,24,350
ASUS GeForce RTX 3090 Ti ROG Strix LC,GeForce RTX 3090 Ti,24,480
ASUS GeForce RTX 3090 Ti TUF,GeForce RTX 3090 Ti,24,450
ASUS GeForce RTX 3090 TUF Gaming 2,GeForce RTX 3090,24,350
ASUS GeForce RTX 3090 TUF Gaming O2,GeForce RTX 3090,24,350
ASUS GeForce RTX 4060 Dual,GeForce RTX 4060 (8GB),8,115
ASUS GeForce RTX 4060 ROG Strix,GeForce RTX 4060 (8GB),8,115
ASUS GeForce RTX 4060 Ti Dual,GeForce RTX 4060 Ti (8GB),8,160
ASUS GeForce RTX 4060 Ti Dual,GeForce RTX 4060 Ti (16GB),16,160
ASUS GeForce RTX 4060 Ti Dual A,GeForce RTX 4060 Ti (16GB),16,160
ASUS GeForce RTX 4060 Ti Dual O8G White,GeForce RTX 4060 Ti (8GB),8,650
ASUS GeForce RTX 4060 Ti ProArt,GeForce RTX 4060 Ti (16GB),16,160
ASUS GeForce RTX 4060 Ti ProArt A,GeForce RTX 4060 Ti (16GB),16,160
ASUS GeForce RTX 4060 Ti Strix,GeForce RTX 4060 Ti (16GB),16,160
ASUS GeForce RTX 4060 Ti Strix A,GeForce RTX 4060 Ti (16GB),16,160
ASUS GeForce RTX 4060 Ti TUF,GeForce RTX 4060 Ti (8GB),8,160
ASUS GeForce RTX 4070 Dual,GeForce RTX 4070,12,200
ASUS GeForce RTX 4070 Dual 12G White Edition,GeForce RTX 4070,12,200
ASUS GeForce RTX 4070 Dual O12G EVO,GeForce RTX 4070,12,200
ASUS GeForce RTX 4070 Dual O12G White Edition,GeForce RTX 4070,12,200
ASUS GeForce RTX 4070 Super Dual,GeForce RTX 4070 Super (12GB),12,220
ASUS GeForce RTX 4070 Super Dual 12G White,GeForce RTX 4070 Super (12GB),12,750
ASUS GeForce RTX 4070 Super Dual Evo,GeForce RTX 4070 Super (12GB),12,220
ASUS GeForce RTX 4070 Super Dual O12G White,GeForce RTX 4070 Super (12GB),12,220
ASUS GeForce RTX 4070 Super ProArt,GeForce RTX 4070 Super (12GB),12,220
ASUS GeForce RTX 4070 Super ROG Strix,GeForce RTX 4070 Super (12GB),12,220
ASUS GeForce RTX 4070 Super TUF,GeForce RTX 4070 Super (12GB),12,220
ASUS GeForce RTX 4070 Ti Super Dual,GeForce RTX 4070 Ti Super (16GB),16,285
ASUS GeForce RTX 4070 Ti Super ProArt,GeForce RTX 4070 Ti Super (16GB),16,285
ASUS GeForce RTX 4070 Ti Super ROG Strix,GeForce RTX 4070 Ti Super (16GB),16,285
ASUS GeForce RTX 4070 Ti Super TUF,GeForce RTX 4070 Ti Super (16GB),16,285
ASUS GeForce RTX 4070 Ti Super TUF O16G BTF White,GeForce RTX 4070 Ti Super (16GB),16,285
ASUS GeForce RTX 4070 Ti Super TUF O16G White,GeForce RTX 4070 Ti Super (16GB),16,285
ASUS GeForce RTX 4070 TUF,GeForce RTX 4070,12,200
ASUS GeForce RTX 4080 ROG Strix,GeForce RTX 4080,16,320
ASUS GeForce RTX 4080 Super Noctua OC Edition,GeForce RTX 4080 Super (16GB),16,320
ASUS GeForce RTX 4080 Super ProArt,GeForce RTX 4080 Super (16GB),16,320
ASUS GeForce RTX 4080 Super ROG Strix,GeForce RTX 4080 Super (16GB),16,320
ASUS GeForce RTX 4080 Super ROG Strix 16G White,GeForce RTX 4080 Super (16GB),16,320
ASUS GeForce RTX 4080 Super ROG Strix O16G White,GeForce RTX 4080 Super (16GB),16,320
ASUS GeForce RTX 4080 Super TUF,GeForce RTX 4080 Super (16GB),16,320
ASUS GeForce RTX 4080 TUF,GeForce RTX 4080,16,320
ASUS GeForce RTX 4090 ROG Strix LC,GeForce RTX 4090,24,450
ASUS GeForce RTX 4090 TUF O24G OG,GeForce RTX 4090,24,850
ASUS Radeon RX 6500 XT Dual,Radeon RX 6500 XT (4GB),4,107
ASUS Radeon RX 6500 XT TUF,Radeon RX 6500 XT (4GB),4,107
ASUS Radeon RX 6600 Dual,Radeon RX 6600,8,132
ASUS Radeon RX 6600 XT Dual OC,Radeon RX 6600 XT,8,160
ASUS Radeon RX 6600 XT ROG Strix OC,Radeon RX 6600 XT,8,160
ASUS Radeon RX 6650 XT Dual,Radeon RX 6650 XT,8,180
ASUS Radeon RX 6700 XT Dual,Radeon RX 6700 XT,12,230
ASUS Radeon RX 6700 XT Dual (rev2),Radeon RX 6700 XT,12,230
ASUS Radeon RX 6700 XT ROG Strix O12G,Radeon RX 6700 XT,12,230
ASUS Radeon RX 6700 XT TUF O12G,Radeon RX 6700 XT,12,230
ASUS Radeon RX 6750 XT Dual,Radeon RX 6750 XT,12,250
ASUS Radeon RX 6750 XT ROG Strix,Radeon RX 6750 XT,12,250
ASUS Radeon RX 6800,Radeon RX 6800,16,250
ASUS Radeon RX 6800 ROG Strix,Radeon RX 6800,16,250
ASUS Radeon RX 6800 TUF,Radeon RX 6800,16,250
ASUS Radeon RX 6800 XT TUF,Radeon RX 6800 XT,16,300
ASUS Radeon RX 6900 XT ROG Strix LC,Radeon RX 6900 XT,16,300
ASUS Radeon RX 6900 XT ROG Strix Top Edition,Radeon RX 6900 XT,16,300
ASUS Radeon RX 6900 XT TUF Gaming Top,Radeon RX 6900 XT,16,300
ASUS Radeon RX 6900 XT TUF OC,Radeon RX 6900 XT,16,300
ASUS Radeon RX 7600 Dual,Radeon RX 7600,8,165
ASUS Radeon RX 7600 Dual O8G V2,Radeon RX 7600,8,165
ASUS Radeon RX 7600 ROG Strix,Radeon RX 7600,8,165
ASUS Radeon RX 7600 XT Dual,Radeon RX 7600 XT (16GB),16,190
ASUS Radeon RX 7600 XT TUF,Radeon RX 7600 XT (16GB),16,190
ASUS Radeon RX 7700 XT Dual,Radeon RX 7700 XT,12,245
ASUS Radeon RX 7700 XT TUF,Radeon RX 7700 XT,12,245
ASUS Radeon RX 7800 XT Dual,Radeon RX 7800 XT,16,263
ASUS Radeon RX 7800 XT OG OC Edition,Radeon RX 7800 XT,16,263
ASUS Radeon RX 7800 XT TUF,Radeon RX 7800 XT,16,263
ASUS Radeon RX 7800 XT TUF O16G White,Radeon RX 7800 XT,16,263
ASUS Radeon RX 7900 GRE Dual,Radeon RX 7900 GRE,16,275
ASUS Radeon RX 7900 GRE TUF,Radeon RX 7900 GRE,16,275
ASUS Radeon RX 7900 XT TUF,Radeon RX 7900 XT,20,320
ASUS Radeon RX 7900 XTX TUF,Radeon RX 7900 XTX,24,355
ASUS RTX 3070 Dual OC,GeForce RTX 3070,8,220
ASUS RTX 3070 TUF,GeForce RTX 3070,8,220
EVGA GeForce RTX 3060 Ti FTW3 Black Gaming,GeForce RTX 3060 Ti,8,200
EVGA GeForce RTX 3060 Ti FTW3 Gaming,GeForce RTX 3060 Ti,8,200
EVGA GeForce RTX 3060 Ti FTW3 Ultra Gaming,GeForce RTX 3060 Ti,8,200
EVGA GeForce RTX 3060 Ti FTW3 Ultra Gaming LHR,GeForce RTX 3060 Ti,8,200
EVGA GeForce RTX 3060 Ti XC Black Gaming,GeForce RTX 3060 Ti,8,200
EVGA GeForce RTX 3060 Ti XC Gaming,GeForce RTX 3060 Ti,8,200
EVGA GeForce RTX 3060 XC Gaming,GeForce RTX 3060,12,170
EVGA GeForce RTX 3070 FTW3 Ultra Gaming LHR,GeForce RTX 3070,8,220
EVGA GeForce RTX 3070 Ti FTW3 Ultra Gaming LHR,GeForce RTX 3070 Ti,8,290
EVGA GeForce RTX 3070 Ti XC3 Ultra Gaming LHR,GeForce RTX 3070 Ti,8,290
EVGA GeForce RTX 3080 FTW3 Gaming,GeForce RTX 3080,10,320
EVGA GeForce RTX 3080 FTW3 Ultra Gaming,GeForce RTX 3080,10,320
EVGA GeForce RTX 3080 FTW3 Ultra Gaming LHR,GeForce RTX 3080,10,320
EVGA GeForce RTX 3080 FTW3 Ultra Hybrid Gaming,GeForce RTX 3080,10,320
EVGA GeForce RTX 3080 Ti FTW3 Gaming,GeForce RTX 3080 Ti,12,350
EVGA GeForce RTX 3080 Ti FTW3 Ultra Gaming,GeForce RTX 3080 Ti,12,350
EVGA GeForce RTX 3080 Ti FTW3 Ultra Hybrid Gaming LHR,GeForce RTX 3080 Ti,12,320
EVGA GeForce RTX 3080 Ti XC3 Ultra Gaming,GeForce RTX 3080 Ti,12,320
EVGA GeForce RTX 3080 Ti XC3 Ultra Hybrid Gaming LHR,GeForce RTX 3080 Ti,12,320
EVGA GeForce RTX 3080 XC3 Black Gaming,GeForce RTX 3080,10,320
EVGA GeForce RTX 3080 XC3 Black Gaming LHR,GeForce RTX 3080,10,320
EVGA GeForce RTX 3080 XC3 Gaming,GeForce RTX 3080,10,320
EVGA GeForce RTX 3080 XC3 Ultra Gaming,GeForce RTX 3080,10,320
EVGA GeForce RTX 3080 XC3 Ultra Gaming LHR,GeForce RTX 3080,10,320
EVGA GeForce RTX 3080 XC3 Ultra Hybrid Gaming,GeForce RTX 3080,10,320
EVGA GeForce RTX 3090 FTW3 Ultra Gaming,GeForce RTX 3090,24,350
EVGA GeForce RTX 3090 FTW3 Ultra Hybrid Gaming,GeForce RTX 3090,24,350
EVGA GeForce RTX 3090 K|NGP|N Hybrid Gaming,GeForce RTX 3090,24,350
EVGA GeForce RTX 3090 Ti FTW3,GeForce RTX 3090 Ti,24,450
EVGA GeForce RTX 3090 Ti FTW3 Black,GeForce RTX 3090 Ti,24,450
EVGA GeForce RTX 3090 Ti FTW3 Ultra,GeForce RTX 3090 Ti,24,450
EVGA GeForce RTX 3090 XC3 Black Gaming,GeForce RTX 3090,24,350
EVGA GeForce RTX 3090 XC3 Gaming,GeForce RTX 3090,24,350
EVGA GeForce RTX 3090 XC3 Ultra Gaming,GeForce RTX 3090,24,350
EVGA GeForce RTX 3090 XC3 Ultra Hybrid Gaming,GeForce RTX 3090,24,350
EVGA RTX 3070 FTW3,GeForce RTX 3070,8,220
EVGA RTX 3070 FTW3 Ultra,GeForce RTX 3070,8,220
EVGA RTX 3070 XC3,GeForce RTX 3070,8,220
EVGA RTX 3070 XC3 Black Gaming,GeForce RTX 3070,8,220
EVGA RTX 3070 XC3 Ultra Gaming,GeForce RTX 3070,8,220
Gigabyte Aorus GeForce RTX 3050 Elite,GeForce RTX 3050 (8GB),8,130
Gigabyte Aorus GeForce RTX 3060 Elite 12G LHR,GeForce RTX 3060,12,170
Gigabyte Aorus GeForce RTX 3060 Ti Elite 8G LHR,GeForce RTX 3060 Ti,8,200
Gigabyte Aorus GeForce RTX 3060 Ti Master,GeForce RTX 3060 Ti,8,230
Gigabyte Aorus GeForce RTX 3070 Master 8G LHR,GeForce RTX 3070,8,220
Gigabyte Aorus GeForce RTX 3080 Master 10G LHR,GeForce RTX 3080,10,320
Gigabyte Aorus GeForce RTX 3080 Ti Master 12G LHR,GeForce RTX 3080 Ti,12,400
GIGABYTE Aorus GeForce RTX 4060 Ti Elite,GeForce RTX 4060 Ti (8GB),8,160
GIGABYTE Aorus GeForce RTX 4070 Master,GeForce RTX 4070,12,200
GIGABYTE Aorus GeForce RTX 4070 Super Master,GeForce RTX 4070 Super (12GB),12,220
GIGABYTE Aorus GeForce RTX 4070 Ti Elite,GeForce RTX 4070 Ti,12,285
GIGABYTE Aorus GeForce RTX 4070 Ti Master,GeForce RTX 4070 Ti,12,285
GIGABYTE Aorus GeForce RTX 4070 Ti Super Master,GeForce RTX 4070 Ti Super (16GB),16,285
GIGABYTE Aorus GeForce RTX 4080 Master,GeForce RTX 4080,16,320
GIGABYTE Aorus GeForce RTX 4080 Super Master,GeForce RTX 4080 Super (16GB),16,320
Gigabyte Aorus Radeon RX 6700 XT Elite,Radeon RX 6700 XT,12,230
Gigabyte Aorus Radeon RX 6750 XT Elite,Radeon RX 6750 XT,12,250
Gigabyte Aorus Radeon RX 6800 Master,Radeon RX 6800,16,250
Gigabyte Aorus Radeon RX 6800 XT Master,Radeon RX 6800 XT,16,300
GIGABYTE Aorus Radeon RX 7900 XTX Elite,Radeon RX 7900 XTX,24,355
Gigabyte GeForce RTX 3050 Eagle,GeForce RTX 3050 (8GB),8,130
Gigabyte GeForce RTX 3050 Eagle OC,GeForce RTX 3050 (8GB),8,130
Gigabyte GeForce RTX 3050 Gaming OC,GeForce RTX 3050 (8GB),8,130
Gigabyte GeForce RTX 3060 Eagle,GeForce RTX 3060,12,170
Gigabyte GeForce RTX 3060 Eagle 12G LHR,GeForce RTX 3060,12,170
Gigabyte GeForce RTX 3060 Eagle OC,GeForce RTX 3060,12,170
Gigabyte GeForce RTX 3060 Eagle OC 12G LHR,GeForce RTX 3060,12,170
Gigabyte GeForce RTX 3060 Elite,GeForce RTX 3060,12,170
Gigabyte GeForce RTX 3060 Gaming OC,GeForce RTX 3060,12,170
Gigabyte GeForce RTX 3060 Gaming OC 12G LHR,GeForce RTX 3060,12,170
Gigabyte GeForce RTX 3060 Ti Eagle,GeForce RTX 3060 Ti,8,230
Gigabyte GeForce RTX 3060 Ti Eagle 8G LHR,GeForce RTX 3060 Ti,8,230
Gigabyte GeForce RTX 3060 Ti Eagle OC,GeForce RTX 3060 Ti,8,230
Gigabyte GeForce RTX 3060 Ti Eagle OC 8G LHR,GeForce RTX 3060 Ti,8,230
Gigabyte GeForce RTX 3060 Ti Gaming OC,GeForce RTX 3060 Ti,8,230
Gigabyte GeForce RTX 3060 Ti Gaming OC 8G LHR,GeForce RTX 3060 Ti,8,230
Gigabyte GeForce RTX 3060 Ti Gaming OC Pro,GeForce RTX 3060 Ti,8,230
Gigabyte GeForce RTX 3060 Ti Gaming OC Pro 8G LHR,GeForce RTX 3060 Ti,8,200
Gigabyte GeForce RTX 3060 Ti Vision OC 8G LHR,GeForce RTX 3060 Ti,8,230
Gigabyte GeForce RTX 3060 Vision OC,GeForce RTX 3060,12,170
Gigabyte GeForce RTX 3060 Vision OC 12G LHR,GeForce RTX 3060,12,170
Gigabyte GeForce RTX 3070 Eagle 8G LHR,GeForce RTX 3070,8,220
Gigabyte GeForce RTX 3070 Eagle OC 8G LHR,GeForce RTX 3070,8,220
Gigabyte GeForce RTX 3070 Gaming OC 8G LHR,GeForce RTX 3070,8,220
Gigabyte GeForce RTX 3070 Ti Eagle OC,GeForce RTX 3070 Ti,8,290
Gigabyte GeForce RTX 3070 Ti Gaming OC 8G LHR,GeForce RTX 3070 Ti,8,290
Gigabyte GeForce RTX 3070 Ti Master,GeForce RTX 3070 Ti,8,290
Gigabyte GeForce RTX 3070 Ti Vision OC,GeForce RTX 3070 Ti,8,290
Gigabyte GeForce RTX 3070 Vision OC 8G LHR,GeForce RTX 3070,8,220
Gigabyte GeForce RTX 3080 Eagle 10G LHR,GeForce RTX 3080,10,320
Gigabyte GeForce RTX 3080 Eagle OC,GeForce RTX 3080,10,350
Gigabyte GeForce RTX 3080 Eagle OC 1,GeForce RTX 3080,10,320
Gigabyte GeForce RTX 3080 Gaming OC 1,GeForce RTX 3080,10,320
Gigabyte GeForce RTX 3080 Gaming OC 10G LHR,GeForce RTX 3080,10,320
Gigabyte GeForce RTX 3080 Gaming OC Waterforce WB 10G LHR,GeForce RTX 3080,10,320
Gigabyte GeForce RTX 3080 Ti Eagle OC 12G LHR,GeForce RTX 3080 Ti,12,320
Gigabyte GeForce RTX 3080 Ti Gaming OC,GeForce RTX 3080 Ti,12,350
Gigabyte GeForce RTX 3080 Ti Vision OC,GeForce RTX 3080 Ti,12,350
Gigabyte GeForce RTX 3080 Vision OC 10G LHR,GeForce RTX 3080,10,320
Gigabyte GeForce RTX 3090 Gaming OC,GeForce RTX 3090,24,350
Gigabyte GeForce RTX 3090 Ti Gaming,GeForce RTX 3090 Ti,24,450
Gigabyte GeForce RTX 3090 Ti Gaming OC,GeForce RTX 3090 Ti,24,450
GIGABYTE GeForce RTX 4060 Ti Aero OC,GeForce RTX 4060 Ti (8GB),8,160
GIGABYTE GeForce RTX 4060 Ti Aero OC,GeForce RTX 4060 Ti (16GB),16,160
GIGABYTE GeForce RTX 4060 Ti Eagle,GeForce RTX 4060 Ti (8GB),8,160
GIGABYTE GeForce RTX 4060 Ti Eagle OC,GeForce RTX 4060 Ti (8GB),8,160
GIGABYTE GeForce RTX 4060 Ti Gaming OC,GeForce RTX 4060 Ti (8GB),8,160
GIGABYTE GeForce RTX 4060 Ti Gaming OC,GeForce RTX 4060 Ti (16GB),16,160
GIGABYTE GeForce RTX 4070 Aero OC,GeForce RTX 4070,12,200
GIGABYTE GeForce RTX 4070 Aero OC V2,GeForce RTX 4070,12,200
GIGABYTE GeForce RTX 4070 Eagle OC,GeForce RTX 4070,12,200
GIGABYTE GeForce RTX 4070 Gaming OC,GeForce RTX 4070,12,200
GIGABYTE GeForce RTX 4070 Super Aero OC,GeForce RTX 4070 Super (12GB),12,220
GIGABYTE GeForce RTX 4070 Super Eagle OC,GeForce RTX 4070 Super (12GB),12,220
GIGABYTE GeForce RTX 4070 Super Eagle OC Ice,GeForce RTX 4070 Super (12GB),12,220
GIGABYTE GeForce RTX 4070 Super Gaming OC,GeForce RTX 4070 Super (12GB),12,220
GIGABYTE GeForce RTX 4070 Super Windforce OC,GeForce RTX 4070 Super (12GB),12,220
GIGABYTE GeForce RTX 4070 Ti Aero OC,GeForce RTX 4070 Ti,12,750
GIGABYTE GeForce RTX 4070 Ti Eagle,GeForce RTX 4070 Ti,12,285
GIGABYTE GeForce RTX 4070 Ti Eagle OC,GeForce RTX 4070 Ti,12,285
GIGABYTE GeForce RTX 4070 Ti Gaming OC,GeForce RTX 4070 Ti,12,750
GIGABYTE GeForce RTX 4070 Ti Super Aero OC,GeForce RTX 4070 Ti Super (16GB),16,285
GIGABYTE GeForce RTX 4070 Ti Super Eagle OC,GeForce RTX 4070 Ti Super (16GB),16,285
GIGABYTE GeForce RTX 4070 Ti Super Eagle OC Ice,GeForce RTX 4070 Ti Super (16GB),16,285
GIGABYTE GeForce RTX 4070 Ti Super Gaming OC,GeForce RTX 4070 Ti Super (16GB),16,285
GIGABYTE GeForce RTX 4070 Ti Super Windforce OC,GeForce RTX 4070 Ti Super (16GB),16,285
GIGABYTE GeForce RTX 4070 Windforce 2X OC,GeForce RTX 4070,12,200
GIGABYTE GeForce RTX 4070 WindForce 3X OC,GeForce RTX 4070,12,200
GIGABYTE GeForce RTX 4080 Aero OC,GeForce RTX 4080,16,320
GIGABYTE GeForce RTX 4080 Eagle,GeForce RTX 4080,16,320
GIGABYTE GeForce RTX 4080 Eagle OC,GeForce RTX 4080,16,320
GIGABYTE GeForce RTX 4080 Gaming OC,GeForce RTX 4080,16,320
GIGABYTE GeForce RTX 4080 Super Aero OC,GeForce RTX 4080 Super (16GB),16,320
GIGABYTE GeForce RTX 4080 Super Gaming OC,GeForce RTX 4080 Super (16GB),16,320
GIGABYTE GeForce RTX 4080 Super Windforce V2,GeForce RTX 4080 Super (16GB),16,320
Gigabyte Radeon RX 6500 XT Eagle,Radeon RX 6500 XT (4GB),4,107
Gigabyte Radeon RX 6500 XT Gaming OC,Radeon RX 6500 XT (4GB),4,107
Gigabyte Radeon RX 6600 Eagle,Radeon RX 6600,8,132
Gigabyte Radeon RX 6600 XT Eagle,Radeon RX 6600 XT,8,160
Gigabyte Radeon RX 6600 XT Gaming OC,Radeon RX 6600 XT,8,160
Gigabyte Radeon RX 6600 XT Gaming Pro OC,Radeon RX 6600 XT,8,160
Gigabyte Radeon RX 6650 XT Eagle,Radeon RX 6650 XT,8,180
Gigabyte Radeon RX 6650 XT Gaming OC,Radeon RX 6650 XT,8,180
Gigabyte Radeon RX 6700 XT,Radeon RX 6700 XT,12,260
Gigabyte Radeon RX 6700 XT Eagle,Radeon RX 6700 XT,12,230
Gigabyte Radeon RX 6700 XT Eagle OC,Radeon RX 6700 XT,12,230
Gigabyte Radeon RX 6700 XT Gaming OC,Radeon RX 6700 XT,12,230
Gigabyte Radeon RX 6750 XT Gaming OC,Radeon RX 6750 XT,12,250
Gigabyte Radeon RX 6800 Gaming OC,Radeon RX 6800,16,250
Gigabyte Radeon RX 6800 XT Gaming OC,Radeon RX 6800 XT,16,300
Gigabyte Radeon RX 6900 XT,Radeon RX 6900 XT,16,300
Gigabyte Radeon RX 6900 XT Gaming OC,Radeon RX 6900 XT,16,300
Gigabyte Radeon RX 6900 XT Master,Radeon RX 6900 XT,16,300
Gigabyte Radeon RX 6950 XT GAMING OC,Radeon RX 6950 XT,16,335
GIGABYTE Radeon RX 7600 Gaming OC,Radeon RX 7600,8,165
GIGABYTE Radeon RX 7600 XT Gaming OC,Radeon RX 7600 XT (16GB),16,190
GIGABYTE Radeon RX 7700 XT Gaming OC,Radeon RX 7700 XT,12,245
GIGABYTE Radeon RX 7800 XT Gaming OC,Radeon RX 7800 XT,16,263
GIGABYTE Radeon RX 7900 GRE Gaming OC,Radeon RX 7900 GRE,16,275
GIGABYTE Radeon RX 7900 XT Gaming OC,Radeon RX 7900 XT,20,320
GIGABYTE Radeon RX 7900 XTX Gaming OC,Radeon RX 7900 XTX,24,355
Gigabyte RTX 3070 Eagle,GeForce RTX 3070,8,220
Gigabyte RTX 3070 Eagle OC,GeForce RTX 3070,8,220
Gigabyte RTX 3070 Gaming OC,GeForce RTX 3070,8,220
Gigabyte RTX 3070 Vision OC,GeForce RTX 3070,8,220
INNO3D GeForce RTX 3050 Gaming OC X2,GeForce RTX 3050 (8GB),8,130
INNO3D GeForce RTX 3050 Twin X2,GeForce RTX 3050 (8GB),8,130
INNO3D GeForce RTX 3050 Twin X2 OC,GeForce RTX 3050 (8GB),8,130
INNO3D GeForce RTX 3060 iChill X3,GeForce RTX 3060,12,170
INNO3D GeForce RTX 3060 iChill X3 Red LHR,GeForce RTX 3060,12,170
INNO3D GeForce RTX 3060 Ti iChill X3 Red LHR,GeForce RTX 3060 Ti,8,220
INNO3D GeForce RTX 3060 Ti Twin X2 LHR,GeForce RTX 3060 Ti,8,200
INNO3D GeForce RTX 3060 Ti Twin X2 OC LHR,GeForce RTX 3060 Ti,8,200
INNO3D GeForce RTX 3060 Twin X2 OC,GeForce RTX 3060,12,200
INNO3D GeForce RTX 3060 Twin X2 OC LHR,GeForce RTX 3060,12,200
INNO3D GeForce RTX 3070 iChill X3 LHR,GeForce RTX 3070,8,220
INNO3D GeForce RTX 3070 iChill X4 LHR,GeForce RTX 3070,8,240
INNO3D GeForce RTX 3070 Ti iChill X3,GeForce RTX 3070 Ti,8,290
INNO3D GeForce RTX 3070 Ti iChill X3 OC,GeForce RTX 3070 Ti,8,290
INNO3D GeForce RTX 3070 Ti iChill X4,GeForce RTX 3070 Ti,8,320
INNO3D GeForce RTX 3070 Twin X2 OC LHR,GeForce RTX 3070,8,220
INNO3D GeForce RTX 3080 iChill Frostbite LHR,GeForce RTX 3080,10,340
INNO3D GeForce RTX 3080 iChill X3 LHR,GeForce RTX 3080,10,340
INNO3D GeForce RTX 3080 iChill X4 LHR,GeForce RTX 3080,10,340
INNO3D GeForce RTX 3080 Ti iChill Black LHR,GeForce RTX 3080 Ti,12,350
INNO3D GeForce RTX 3080 Ti iChill X3 LHR,GeForce RTX 3080 Ti,12,320
INNO3D GeForce RTX 3080 Ti X3 LHR,GeForce RTX 3080 Ti,10,320
INNO3D GeForce RTX 3080 Ti X3 OC LHR,GeForce RTX 3080 Ti,12,320
INNO3D GeForce RTX 3080 Twin X2 OC LHR,GeForce RTX 3080,10,320
INNO3D GeForce RTX 3080 X3 LHR,GeForce RTX 3080,10,750
INNO3D GeForce RTX 3080 X3 OC LHR,GeForce RTX 3080,10,340
INNO3D GeForce RTX 3090 Gaming X3,GeForce RTX 3090,24,350
INNO3D GeForce RTX 3090 iChill Frostbite,GeForce RTX 3090,24,370
INNO3D GeForce RTX 3090 iChill X3,GeForce RTX 3090,24,370
INNO3D GeForce RTX 3090 iChill X4,GeForce RTX 3090,24,370
INNO3D GeForce RTX 3090 Ti X3 OC,GeForce RTX 3090 Ti,24,450
INNO3D GeForce RTX 3090 X3,GeForce RTX 3090,24,350
INNO3D GeForce RTX 4060 Ti 16GB Twin X2 OC,GeForce RTX 4060 Ti (16GB),16,160
INNO3D GeForce RTX 4060 Ti 16GB Twin X2 OC White,GeForce RTX 4060 Ti (16GB),16,160
INNO3D GeForce RTX 4060 Ti iChill X3,GeForce RTX 4060 Ti (8GB),8,160
INNO3D GeForce RTX 4060 Ti iChill X3 White,GeForce RTX 4060 Ti (8GB),8,160
INNO3D GeForce RTX 4060 Ti Twin X2,GeForce RTX 4060 Ti (8GB),8,160
INNO3D GeForce RTX 4060 Ti Twin X2 OC,GeForce RTX 4060 Ti (8GB),8,160
INNO3D GeForce RTX 4060 Ti Twin X2 White OC,GeForce RTX 4060 Ti (8GB),8,160
INNO3D GeForce RTX 4060 Ti X3 OC,GeForce RTX 4060 (8GB),8,160
INNO3D GeForce RTX 4070 iChill X3,GeForce RTX 4070,12,220
INNO3D GeForce RTX 4070 Super iChill X3,GeForce RTX 4070 Super (12GB),12,250
INNO3D GeForce RTX 4070 Super Twin X2,GeForce RTX 4070 Super (12GB),12,220
INNO3D GeForce RTX 4070 Super Twin X2 OC,GeForce RTX 4070 Super (12GB),12,220
INNO3D GeForce RTX 4070 Super Twin X2 OC White,GeForce RTX 4070 Super (12GB),12,220
INNO3D GeForce RTX 4070 Super X3 OC,GeForce RTX 4070 Super (12GB),12,220
INNO3D GeForce RTX 4070 Ti iChill X3,GeForce RTX 4070 Ti,12,750
INNO3D GeForce RTX 4070 Ti Super iChill X3,GeForce RTX 4070 Ti Super (16GB),16,285
INNO3D GeForce RTX 4070 Ti Super Twin X2,GeForce RTX 4070 Ti Super (16GB),16,285
INNO3D GeForce RTX 4070 Ti Super Twin X2 OC,GeForce RTX 4070 Ti Super (16GB),16,285
INNO3D GeForce RTX 4070 Ti Super Twin X2 OC White,GeForce RTX 4070 Ti Super (16GB),16,285
INNO3D GeForce RTX 4070 Ti Super X3 OC,GeForce RTX 4070 Ti Super (16GB),16,285
INNO3D GeForce RTX 4070 Ti X3,GeForce RTX 4070 Ti,12,700
INNO3D GeForce RTX 4070 Ti X3 OC,GeForce RTX 4070 Ti,12,700
INNO3D GeForce RTX 4070 Ti X3 OC White,GeForce RTX 4070 Ti,12,285
INNO3D GeForce RTX 4070 Twin X2,GeForce RTX 4070,12,200
INNO3D GeForce RTX 4070 Twin X2 OC,GeForce RTX 4070,12,200
INNO3D GeForce RTX 4070 Twin X2 OC White,GeForce RTX 4070,12,200
INNO3D GeForce RTX 4070 X3 OC,GeForce RTX 4070,12,200
INNO3D GeForce RTX 4080 iChill Black,GeForce RTX 4080,16,320
INNO3D GeForce RTX 4080 iChill Frostbite,GeForce RTX 4080,16,320
INNO3D GeForce RTX 4080 iChill X3,GeForce RTX 4080,16,320
INNO3D GeForce RTX 4080 Super iChill Black,GeForce RTX 4080 Super (16GB),16,320
INNO3D GeForce RTX 4080 Super iChill Frostbite,GeForce RTX 4080 Super (16GB),16,340
INNO3D GeForce RTX 4080 Super iChill X3,GeForce RTX 4080 Super (16GB),16,340
INNO3D GeForce RTX 4080 Super X3,GeForce RTX 4080 Super (16GB),16,340
INNO3D GeForce RTX 4080 Super X3 OC,GeForce RTX 4080 Super (16GB),16,340
INNO3D GeForce RTX 4080 Super X3 OC White,GeForce RTX 4080 Super (16GB),16,340
INNO3D GeForce RTX 4080 X3,GeForce RTX 4080,16,750
INNO3D GeForce RTX 4090 iChill Frostbite Pro,GeForce RTX 4090,24,500
INNO3D GeForce RTX 4090 iChill Frostbite Ultra,GeForce RTX 4090,24,500
INNO3D GeForce RTX 4090 X3 OC White,GeForce RTX 4090,24,450
INNO3D RTX 3070 iChill X3,GeForce RTX 3070,8,220
INNO3D RTX 3070 iChill X4,GeForce RTX 3070,8,220
Intel Arc A750 Limited Edition,Intel Arc A750,8,225
Intel Arc A770 Limited Edition,Intel Arc A770,16,225
Intel Arc B580 Limited Edition,Intel Arc B580,12,190
MSI GeForce RTX 3050 Aero ITX,GeForce RTX 3050 (8GB),8,130
MSI GeForce RTX 3050 Aero ITX 8G OC,GeForce RTX 3050 (8GB),8,130
MSI GeForce RTX 3050 Gaming X,GeForce RTX 3050 (8GB),8,130
MSI GeForce RTX 3050 Ventus 2X,GeForce RTX 3050 (8GB),8,130
MSI GeForce RTX 3050 Ventus 2X 8G OC,GeForce RTX 3050 (8GB),8,130
MSI GeForce RTX 3060 Gaming X,GeForce RTX 3060,12,170
MSI GeForce RTX 3060 Gaming X Trio,GeForce RTX 3060,12,170
MSI GeForce RTX 3060 Gaming Z Trio 12G LHR,GeForce RTX 3060,12,170
MSI GeForce RTX 3060 Ti Gaming X 8G LHR,GeForce RTX 3060 Ti,8,220
MSI GeForce RTX 3060 Ti Gaming X Trio,GeForce RTX 3060 Ti,8,240
MSI GeForce RTX 3060 Ti Gaming Z Trio 8G LHR,GeForce RTX 3060 Ti,8,240
MSI GeForce RTX 3060 Ti Ventus 2X 8G OCV1 LHR,GeForce RTX 3060 Ti,8,200
MSI GeForce RTX 3060 Ti Ventus 2X OC,GeForce RTX 3060 Ti,8,200
MSI GeForce RTX 3060 Ti Ventus 3X 8G OC LHR,GeForce RTX 3060 Ti,8,200
MSI GeForce RTX 3060 Ti Ventus 3X OC,GeForce RTX 3060 Ti,8,200
MSI GeForce RTX 3060 Ventus 2X,GeForce RTX 3060,12,170
MSI GeForce RTX 3060 Ventus 3X OC,GeForce RTX 3060,12,170
MSI GeForce RTX 3070 Gaming Trio Plus 8G LHR,GeForce RTX 3070,8,220
MSI GeForce RTX 3070 Gaming Z Trio 8G LHR,GeForce RTX 3070,8,240
MSI GeForce RTX 3070 Suprim X 8G LHR,GeForce RTX 3070,8,280
MSI GeForce RTX 3070 Ti Gaming X Trio,GeForce RTX 3070 Ti,8,310
MSI GeForce RTX 3070 Ti Suprim X,GeForce RTX 3070 Ti,8,310
MSI GeForce RTX 3070 Ti Ventus 3X 8G LHR,GeForce RTX 3070 Ti,8,310
MSI GeForce RTX 3070 Ti Ventus 3X 8G OC LHR,GeForce RTX 3070 Ti,8,290
MSI GeForce RTX 3070 Ventus 2X 8G OC LHR,GeForce RTX 3070,8,220
MSI GeForce RTX 3070 Ventus 3X 8G OC LHR,GeForce RTX 3070,8,220
MSI GeForce RTX 3070 Ventus 3X Plus 8G OC LHR,GeForce RTX 3070,8,220
MSI GeForce RTX 3080 Gaming X Trio 1,GeForce RTX 3080,10,320
MSI GeForce RTX 3080 Gaming Z Trio 10G LHR,GeForce RTX 3080,10,370
MSI GeForce RTX 3080 Suprim X 10G LHR,GeForce RTX 3080,10,370
MSI GeForce RTX 3080 Ti Gaming X Trio,GeForce RTX 3080 Ti,12,350
MSI GeForce RTX 3080 Ti Suprim X,GeForce RTX 3080 Ti,12,350
MSI GeForce RTX 3080 Ti Ventus 3X 12G LHR,GeForce RTX 3080 Ti,12,350
MSI GeForce RTX 3080 Ti Ventus 3X 12G OC,GeForce RTX 3080 Ti,12,350
MSI GeForce RTX 3080 Ventus 3X 10G OC,GeForce RTX 3080,10,320
MSI GeForce RTX 3080 Ventus 3X PLUS 10G LHR,GeForce RTX 3080,10,320
MSI GeForce RTX 3080 Ventus 3X Plus 10G OC LHR,GeForce RTX 3080,10,320
MSI GeForce RTX 3090 Gaming X Trio 2,GeForce RTX 3090,24,350
MSI GeForce RTX 3090 Suprim,GeForce RTX 3090,24,420
MSI GeForce RTX 3090 Suprim X,GeForce RTX 3090,24,420
MSI GeForce RTX 3090 Ti Black Trio,GeForce RTX 3090 Ti,24,450
MSI GeForce RTX 3090 Ti Gaming X Trio,GeForce RTX 3090 Ti,24,450
MSI GeForce RTX 3090 Ti Suprim X,GeForce RTX 3090 Ti,24,480
MSI GeForce RTX 3090 Ventus 3X 24G OC,GeForce RTX 3090,24,350
MSI GeForce RTX 4060 Gaming X,GeForce RTX 4060 (8GB),8,115
MSI GeForce RTX 4060 Ti Gaming X,GeForce RTX 4060 Ti (8GB),8,160
MSI GeForce RTX 4060 Ti Gaming X,GeForce RTX 4060 Ti (16GB),16,160
MSI GeForce RTX 4060 Ti Gaming X Slim,GeForce RTX 4060 Ti (16GB),16,160
MSI GeForce RTX 4060 Ti Gaming X Trio,GeForce RTX 4060 Ti (8GB),8,160
MSI GeForce RTX 4060 Ti Ventus 2X Black 8G OC,GeForce RTX 4060 Ti (8GB),8,160
MSI GeForce RTX 4060 Ti Ventus 3X 16G OC,GeForce RTX 4060 Ti (16GB),16,160
MSI GeForce RTX 4060 Ventus 2X Black 8G OC,GeForce RTX 4060 (8GB),8,115
MSI GeForce RTX 4070 Gaming X Trio,GeForce RTX 4070,12,215
MSI GeForce RTX 4070 Super Gaming X Slim,GeForce RTX 4070 Super (12GB),12,600
MSI GeForce RTX 4070 Super Gaming X Slim White,GeForce RTX 4070 Super (12GB),12,220
MSI GeForce RTX 4070 Super Ventus 2X OC,GeForce RTX 4070 Super (12GB),12,220
MSI GeForce RTX 4070 Super Ventus 2X White OC,GeForce RTX 4070 Super (12GB),12,220
MSI GeForce RTX 4070 Ti Gaming X Trio,GeForce RTX 4070 Ti,12,750
MSI GeForce RTX 4070 Ti Super Gaming X Slim,GeForce RTX 4070 Ti Super (16GB),16,285
MSI GeForce RTX 4070 Ti Super Gaming X Slim White,GeForce RTX 4070 Ti Super (16GB),16,285
MSI GeForce RTX 4070 Ti Super Ventus 2X OC,GeForce RTX 4070 Ti Super (16GB),16,285
MSI GeForce RTX 4070 Ti Super Ventus 2X White OC,GeForce RTX 4070 Ti Super (16GB),16,285
MSI GeForce RTX 4070 Ti Suprim X,GeForce RTX 4070 Ti,12,750
MSI GeForce RTX 4070 Ventus 3X 12G OC,GeForce RTX 4070,12,200
MSI GeForce RTX 4080 Gaming X Trio,GeForce RTX 4080,16,320
MSI GeForce RTX 4080 Super Gaming X Slim,GeForce RTX 4080 Super (16GB),16,320
MSI GeForce RTX 4080 Super Gaming X Slim White,GeForce RTX 4080 Super (16GB),16,320
MSI GeForce RTX 4080 Super Suprim X,GeForce RTX 4080 Super (16GB),16,320
MSI GeForce RTX 4080 Super Ventus 3X OC,GeForce RTX 4080 Super (16GB),16,320
MSI GeForce RTX 4080 Suprim X,GeForce RTX 4080,16,320
MSI GeForce RTX 4080 Ventus 3X OC,GeForce RTX 4080,16,320
MSI GeForce RTX 4090 Ventus 3X 24G OC,GeForce RTX 4090,24,450
MSI Radeon RX 6500 XT Mech 2X OC,Radeon RX 6500 XT (4GB),4,107
MSI Radeon RX 6600 Mech 2X,Radeon RX 6600,8,132
MSI Radeon RX 6600 XT Gaming X,Radeon RX 6600 XT,8,160
MSI Radeon RX 6600 XT Mech 2X,Radeon RX 6600 XT,8,160
MSI Radeon RX 6650 XT Gaming X,Radeon RX 6650 XT,8,180
MSI Radeon RX 6650 XT Mech 2X 8G OC,Radeon RX 6650 XT,8,180
MSI Radeon RX 6700 XT Gaming X,Radeon RX 6700 XT,12,230
MSI Radeon RX 6700 XT Mech 2X,Radeon RX 6700 XT,12,230
MSI Radeon RX 6700 XT Mech 2X OC,Radeon RX 6700 XT,12,230
MSI Radeon RX 6750 XT Gaming X Trio,Radeon RX 6750 XT,12,250
MSI Radeon RX 6750 XT Mech 2X 12G OC,Radeon RX 6750 XT,12,250
MSI Radeon RX 6800,Radeon RX 6800,16,250
MSI Radeon RX 6800 Gaming X Trio,Radeon RX 6800,16,250
MSI Radeon RX 6800 XT,Radeon RX 6800 XT,16,300
MSI Radeon RX 6800 XT Gaming Trio,Radeon RX 6800 XT,16,300
MSI Radeon RX 6800 XT Gaming Z Trio,Radeon RX 6800 XT,16,300
MSI Radeon RX 6900 XT Gaming X Trio,Radeon RX 6900 XT,16,300
MSI Radeon RX 6900 XT Gaming Z Trio,Radeon RX 6900 XT,16,300
MSI Radeon RX 6950 XT Gaming X Trio,Radeon RX 6950 XT,16,340
MSI Radeon RX 7600 Mech 2X Classic 8G OC,Radeon RX 7600,8,165
Palit GeForce RTX 3090 GamingPro OC,GeForce RTX 3090,24,350
PNY GeForce RTX 3060 XLR8 Gaming Revel EPIC-X RGB,GeForce RTX 3060,12,170
PNY GeForce RTX 3060 XLR8 Gaming Revel EPIC-X RGB Single Fan,GeForce RTX 3060,12,170
PNY GeForce RTX 3080 XLR8 Gaming EPIC-X RGB,GeForce RTX 3080,10,320
PNY GeForce RTX 3090 XLR8 Gaming EPIC-X RGB,GeForce RTX 3090,24,350
PNY GeForce RTX 4080 XLR8 Gaming VERTO Edition,GeForce RTX 4080,16,320
PNY GeForce RTX 4080 XLR8 Gaming VERTO OC Edition,GeForce RTX 4080,16,320
PNY GeForce RTX 4080 XLR8 Gaming VERTO Triple Fan Edition,GeForce RTX 4080,16,320
PNY RTX 3070 Dual,GeForce RTX 3070,8,220
PNY RTX 3070 XL8R Gaming Revel Epic-X RGB,GeForce RTX 3070,8,220
Sapphire GearBox 500 Grafikkartengehäuse - Thunderbolt 3 inkl. Pulse RX 6600 XT,Radeon RX 6600 XT,8,160
Sapphire Nitro+ Radeon RX 6600 XT,Radeon RX 6600 XT,8,160
Sapphire Nitro+ Radeon RX 6650 XT Gaming OC,Radeon RX 6650 XT,8,203
Sapphire Nitro+ Radeon RX 6700 XT OC,Radeon RX 6700 XT,12,260
Sapphire Nitro+ Radeon RX 6750 XT Gaming OC,Radeon RX 6750 XT,12,273
Sapphire Nitro+ Radeon RX 6800 OC,Radeon RX 6800,16,250
Sapphire Nitro+ Radeon RX 6800 XT OC SE,Radeon RX 6800 XT,16,350
Sapphire Nitro+ Radeon RX 6900 XT OC,Radeon RX 6900 XT,16,300
Sapphire Nitro+ Radeon RX 6900 XT Special Edition,Radeon RX 6900 XT,16,340
Sapphire Nitro+ Radeon RX 6950 XT Gaming OC,Radeon RX 6950 XT,16,391
Sapphire Nitro+ Radeon RX 6950 XT Pure Gaming OC,Radeon RX 6950 XT,16,408
Sapphire Nitro+ Radeon RX 7800 XT Gaming OC,Radeon RX 7800 XT,16,263
Sapphire Nitro+ Radeon RX 7900 GRE Gaming OC,Radeon RX 7900 GRE,16,275
Sapphire Nitro+ Radeon RX 7900 XTX Vapor-X,Radeon RX 7900 XTX,24,355
Sapphire Pulse Radeon RX 6500 XT Gaming OC,Radeon RX 6500 XT (4GB),4,107
Sapphire Pulse Radeon RX 6600 XT,Radeon RX 6600 XT,8,160
Sapphire Pulse Radeon RX 6650 XT Gaming OC,Radeon RX 6650 XT,8,176
Sapphire Pulse Radeon RX 6700,Radeon RX 6700,10,220
Sapphire Pulse Radeon RX 6700 XT,Radeon RX 6700 XT,12,260
Sapphire Pulse Radeon RX 6700 XT Gaming,Radeon RX 6700 XT,12,260
Sapphire Pulse Radeon RX 6700 XT OC,Radeon RX 6700 XT,12,230
Sapphire Pulse Radeon RX 6750 XT Gaming OC,Radeon RX 6750 XT,12,250
Sapphire Pulse Radeon RX 6800 OC,Radeon RX 6800,16,280
Sapphire Pulse Radeon RX 6800 XT Gaming OC,Radeon RX 6800 XT,16,350
Sapphire Pulse Radeon RX 7600 Gaming,Radeon RX 7600,8,165
Sapphire Pulse Radeon RX 7600 XT Gaming OC,Radeon RX 7600 XT (16GB),16,190
Sapphire Pulse Radeon RX 7700 XT Gaming OC,Radeon RX 7700 XT,12,245
Sapphire Pulse Radeon RX 7800 XT Gaming OC,Radeon RX 7800 XT,16,263
Sapphire Pulse Radeon RX 7900 GRE Gaming OC,Radeon RX 7900 GRE,16,275
Sapphire Pure Radeon RX 7900 GRE Gaming OC,Radeon RX 7900 GRE,16,275
Sapphire Radeon RX 6800,Radeon RX 6800,16,250
Sapphire Radeon RX 7900 XT Gaming,Radeon RX 7900 XT,20,320
Sapphire Toxic Radeon RX 6900 XT Air Cooled,Radeon RX 6900 XT,16,
Sapphire Toxic Radeon RX 6950 XT LE Gaming OC,Radeon RX 6950 XT,16,420
Sparkle Arc B580 Titan OC,Intel Arc B580,12,190
ZOTAC GAMING GeForce RTX 3050 AMP!,GeForce RTX 3050 (8GB),8,130
ZOTAC GAMING GeForce RTX 3050 Twin Edge,GeForce RTX 3050 (8GB),8,130
ZOTAC GAMING GeForce RTX 3050 Twin Edge OC,GeForce RTX 3050 (8GB),8,130
ZOTAC GAMING GeForce RTX 3060 AMP! White Edition,GeForce RTX 3060,12,170
ZOTAC GAMING GeForce RTX 3060 Ti AMP! White Edition LHR,GeForce RTX 3060 Ti,8,200
ZOTAC GAMING GeForce RTX 3060 Ti Twin Edge,GeForce RTX 3060 Ti,8,200
ZOTAC GAMING GeForce RTX 3060 Ti Twin Edge LHR,GeForce RTX 3060 Ti,8,200
ZOTAC GAMING GeForce RTX 3060 Ti Twin Edge OC,GeForce RTX 3060 Ti,8,200
ZOTAC GAMING GeForce RTX 3060 Ti Twin Edge OC LHR,GeForce RTX 3060 Ti,8,200
ZOTAC GAMING GeForce RTX 3060 Twin Edge,GeForce RTX 3060,12,170
ZOTAC GAMING GeForce RTX 3060 Twin Edge OC,GeForce RTX 3060,12,170
ZOTAC GAMING GeForce RTX 3070 AMP! Holo LHR,GeForce RTX 3070,8,240
ZOTAC GAMING GeForce RTX 3070 Ti AMP! Extreme Holo LHR,GeForce RTX 3070 Ti,8,310
ZOTAC GAMING GeForce RTX 3070 Ti Trinity LHR,GeForce RTX 3070 Ti,8,290
ZOTAC GAMING GeForce RTX 3070 Ti Trinity OC LHR,GeForce RTX 3070 Ti,8,290
ZOTAC GAMING GeForce RTX 3070 Twin Edge LHR,GeForce RTX 3070,8,220
ZOTAC GAMING GeForce RTX 3070 Twin Edge OC LHR,GeForce RTX 3070,8,220
ZOTAC GAMING GeForce RTX 3070 Twin Edge OC LHR White Edition,GeForce RTX 3070,8,220
ZOTAC GAMING GeForce RTX 3080 Ti AMP! Extreme Holo,GeForce RTX 3080 Ti,12,400
ZOTAC GAMING GeForce RTX 3080 Ti AMP! Holo,GeForce RTX 3080 Ti,12,350
ZOTAC GAMING GeForce RTX 3080 Trinity,GeForce RTX 3080,10,320
ZOTAC GAMING GeForce RTX 3080 Trinity AMP! Holo LHR,GeForce RTX 3080,10,340
ZOTAC GAMING GeForce RTX 3080 Trinity LHR,GeForce RTX 3080,10,320
ZOTAC GAMING GeForce RTX 3080 Trinity OC LHR,GeForce RTX 3080,10,320
ZOTAC GAMING GeForce RTX 3090 AMP! Extreme Holo,GeForce RTX 3090,24,350
ZOTAC GAMING GeForce RTX 3090 ArcticStorm,GeForce RTX 3090,24,350
ZOTAC GAMING GeForce RTX 3090 Ti AMP! Extreme Holo,GeForce RTX 3090 Ti,24,450
ZOTAC GAMING GeForce RTX 3090 Trinity,GeForce RTX 3090,24,350
ZOTAC GAMING GeForce RTX 3090 Trinity OC,GeForce RTX 3090,24,350
ZOTAC Gaming GeForce RTX 4060 OC SPIDER-MAN™ Across the Spider-Verse,GeForce RTX 4060 (8GB),8,115
ZOTAC Gaming GeForce RTX 4060 Solo,GeForce RTX 4060 (8GB),8,115
ZOTAC Gaming GeForce RTX 4060 Ti Twin Edge,GeForce RTX 4060 Ti (8GB),8,160
ZOTAC Gaming GeForce RTX 4060 Ti Twin Edge OC,GeForce RTX 4060 Ti (8GB),8,500
ZOTAC Gaming GeForce RTX 4060 Ti Twin Edge OC SPIDER-MAN™ Across the Spider-Verse,GeForce RTX 4060 Ti (8GB),8,160
ZOTAC Gaming GeForce RTX 4060 Twin Edge OC White Edition,GeForce RTX 4060 (8GB),8,115
ZOTAC Gaming GeForce RTX 4070 AMP! Airo,GeForce RTX 4070,12,215
ZOTAC Gaming GeForce RTX 4070 Super Trinity Black Edition,GeForce RTX 4070 Super (12GB),12,220
ZOTAC Gaming GeForce RTX 4070 Super Twin Edge,GeForce RTX 4070 Super (12GB),12,220
ZOTAC Gaming GeForce RTX 4070 Super Twin Edge OC,GeForce RTX 4070 Super (12GB),12,220
ZOTAC Gaming GeForce RTX 4070 Ti AMP Extreme Airo,GeForce RTX 4070 Ti,12,285
ZOTAC Gaming GeForce RTX 4070 Ti Super AMP! Holo,GeForce RTX 4070 Ti Super (16GB),16,285
ZOTAC Gaming GeForce RTX 4070 Ti Super Trinity Black Edition,GeForce RTX 4070 Ti Super (16GB),16,285
ZOTAC Gaming GeForce RTX 4070 Ti Super Trinity OC White Edition,GeForce RTX 4070 Ti Super (16GB),16,285
ZOTAC Gaming GeForce RTX 4070 Ti Trinity,GeForce RTX 4070 Ti,12,285
ZOTAC Gaming GeForce RTX 4070 Ti Trinity OC,GeForce RTX 4070 Ti,12,285
ZOTAC Gaming GeForce RTX 4070 Trinity,GeForce RTX 4070,12,200
ZOTAC Gaming GeForce RTX 4070 Twin Edge OC,GeForce RTX 4070,12,200
ZOTAC Gaming GeForce RTX 4080 AMP! Extreme Airo,GeForce RTX 4080,16,320
ZOTAC Gaming GeForce RTX 4080 Super AMP! Extreme Airo,GeForce RTX 4080 Super (16GB),16,320
ZOTAC Gaming GeForce RTX 4080 Super Trinity Black Edition,GeForce RTX 4080 Super (16GB),16,320
ZOTAC Gaming GeForce RTX 4080 Super Trinity OC White Edition,GeForce RTX 4080 Super (16GB),16,320
ZOTAC Gaming GeForce RTX 4080 Trinity,GeForce RTX 4080,16,320
ZOTAC Gaming GeForce RTX 4080 Trinity OC,GeForce RTX 4080,16,320
ZOTAC GAMING RTX 3070 Ti AMP! Holo,GeForce RTX 3070 Ti,8,320
Zotac Gaming RTX 3070 Twin Edge,GeForce RTX 3070,8,220
Zotac Gaming RTX 3070 Twin Edge OC,GeForce RTX 3070,8,220
ZOTAC GeForce RTX 3080 Ti Trinity,GeForce RTX 3080 Ti,12,350
ZOTAC GeForce RTX 3080 Ti Trinity OC,GeForce RTX 3080 Ti,12,350
ASRock Arc A380 Challenger ITX,Intel Arc A380,6,75
ASRock Radeon RX 6950 XT Phantom Gaming OC,Radeon RX 6950 XT,16,335
ASrock Radeon RX 9070 XT Taichi OC,Radeon RX 9070 XT,16,
ASRock Radeon VII,Radeon VII,16,300
Asus AREZ PH RX 550 2G,Radeon RX 550,2,50
Asus CERBERUS GTX 1050 O2G,GeForce GTX 1050,2,75
Asus CERBERUS GTX 1050TI O4G,GeForce GTX 1050 Ti,4,75
Asus DUAL GTX 1050 O2G,GeForce GTX 1050,2,75
Asus DUAL GTX 1060 O3G,GeForce GTX 1060 (3GB),3,120
Asus DUAL GTX 1060 O6G,GeForce GTX 1060 (6GB),6,120
Asus DUAL RX 580 O4G,Radeon RX 580 (4GB),4,185
Asus DUAL RX 580 O8G,Radeon RX 580 (8GB),8,185
ASUS GeForce GT 1030,GeForce GT 1030,2,30
ASUS GeForce GT 1030 2G,GeForce GT 1030,2,30
ASUS GeForce GT 1030 Phoenix,GeForce GT 1030,2,30
ASUS GeForce GT 730,GeForce GT 730,2,
ASUS GeForce GTX 1050 2G,GeForce GTX 1050,2,75
ASUS GeForce GTX 1050 Expedition,GeForce GTX 1050,2,75
ASUS GeForce GTX 1050 Expedition O2G,GeForce GTX 1050,2,75
ASUS GeForce GTX 1050 STRIX 2G Gaming,GeForce GTX 1050,2,75
ASUS GeForce GTX 1050 STRIX O2G Gaming,GeForce GTX 1050,2,75
ASUS GeForce GTX 1050 Ti Cerberus,GeForce GTX 1050 Ti,4,
ASUS GeForce GTX 1050 Ti DC2 O4G,GeForce GTX 1050 Ti,4,75
ASUS GeForce GTX 1050 Ti Expedition,GeForce GTX 1050 Ti,4,75
ASUS GeForce GTX 1050 Ti Expedition O4G,GeForce GTX 1050 Ti,4,75
ASUS GeForce GTX 1050 Ti PH,GeForce GTX 1050 Ti,4,75
ASUS GeForce GTX 1050 Ti STRIX 4G Gaming,GeForce GTX 1050 Ti,4,75
ASUS GeForce GTX 1050 Ti STRIX O4G Gaming,GeForce GTX 1050 Ti,4,75
ASUS GeForce GTX 1060 Dual 3G,GeForce GTX 1060 (3GB),3,120
ASUS GeForce GTX 1060 Dual O3G,GeForce GTX 1060 (3GB),3,120
ASUS GeForce GTX 1060 Dual O6G,GeForce GTX 1060 (6GB),6,120
ASUS GeForce GTX 1060 Expedition O6G,GeForce GTX 1060 (6GB),6,120
ASUS GeForce GTX 1060 O6G 9 Gbps,GeForce GTX 1060 (6GB),6,120
ASUS GeForce GTX 1060 STRIX 6G Gaming,GeForce GTX 1060 (6GB),6,120
ASUS GeForce GTX 1060 STRIX O6G Gaming,GeForce GTX 1060 (6GB),6,120
ASUS GeForce GTX 1060 Turbo 6G,GeForce GTX 1060 (6GB),6,120
ASUS GeForce GTX 1070 Dual 8G,GeForce GTX 1070,8,150
ASUS GeForce GTX 1070 Dual O8G,GeForce GTX 1070,8,150
ASUS GeForce GTX 1070 Expedition O8G,GeForce GTX 1070,8,150
ASUS GeForce GTX 1070 STRIX 8G Gaming,GeForce GTX 1070,8,150
ASUS GeForce GTX 1070 STRIX O8G Gaming,GeForce GTX 1070,8,150
ASUS GeForce GTX 1070 Ti Cerberus A8G,GeForce GTX 1070 Ti,8,180
ASUS GeForce GTX 1070 Ti STRIX 8G Gaming,GeForce GTX 1070 Ti,8,180
ASUS GeForce GTX 1070 Ti STRIX A8G Gaming,GeForce GTX 1070 Ti,8,180
ASUS GeForce GTX 1070 Ti Turbo 8G,GeForce GTX 1070 Ti,8,180
ASUS GeForce GTX 1070 Turbo 8G,GeForce GTX 1070,8,150
ASUS GeForce GTX 1080 STRIX 8G Gaming,GeForce GTX 1080,8,180
ASUS GeForce GTX 1080 STRIX A8G,GeForce GTX 1080,8,180
ASUS GeForce GTX 1080 STRIX O8G 11 Gbps,GeForce GTX 1080,8,180
ASUS GeForce GTX 1080 STRIX O8G Gaming,GeForce GTX 1080,8,180
ASUS GeForce GTX 1080 Ti Founders Edition,GeForce GTX 1080 Ti,11,250
ASUS GeForce GTX 1080 Ti STRIX 11G Gaming,GeForce GTX 1080 Ti,11,250
ASUS GeForce GTX 1080 Ti STRIX O11G Gaming,GeForce GTX 1080 Ti,11,250
ASUS GeForce GTX 1080 Ti Turbo 11G,GeForce GTX 1080 Ti,11,250
ASUS GeForce GTX 1080 Turbo 8G,GeForce GTX 1080,8,180
ASUS GeForce GTX 1650,GeForce GTX 1660 Super,4,75
"ASUS GeForce GTX 1650 Dual O4G, 4096 MB GDDR5",GeForce GTX 1650 (4GB),4,75
ASUS GeForce GTX 1650 Phoenix,GeForce GTX 1650 (4GB),4,75
"ASUS GeForce GTX 1650 Phoenix O4G, 4096 MB GDDR5",GeForce GTX 1650 (4GB),4,75
"ASUS GeForce GTX 1650 ROG STRIX A4G, 4096 MB GDDR5",GeForce GTX 1650 (4GB),4,75
"ASUS GeForce GTX 1650 ROG STRIX O4G, 4096 MB GDDR5",GeForce GTX 1650 (4GB),4,75
ASUS GeForce GTX 1650 Super,GeForce GTX 1650 Super,4,100
ASUS GeForce GTX 1650 Super Advanced ROG Strix A,GeForce GTX 1650 Super,4,100
ASUS GeForce GTX 1650 Super Phoenix,GeForce GTX 1650 Super,4,100
ASUS GeForce GTX 1650 Super ROG Strix,GeForce GTX 1650 Super,4,100
ASUS GeForce GTX 1650 Super TUF,GeForce GTX 1650 Super,4,100
ASUS GeForce GTX 1650 Super TUF O4G Gaming,GeForce GTX 1650 Super,4,100
ASUS GeForce GTX 1650 TUF,GeForce GTX 1650 (4GB),4,75
ASUS GeForce GTX 1650 TUF 4GD,GeForce GTX 1650 (4GB),4,75
ASUS GeForce GTX 1650 TUF O4GD,GeForce GTX 1650 (4GB),4,75
ASUS GeForce GTX 1660 Dual 6G Evo,GeForce GTX 1660 (6GB),6,120
ASUS GeForce GTX 1660 Dual O6G Evo,GeForce GTX 1660 (6GB),6,120
ASUS GeForce GTX 1660 Phoenix,GeForce GTX 1660 (6GB),6,120
ASUS GeForce GTX 1660 Super Dual O6G Evo,GeForce GTX 1660 Super,6,125
ASUS GeForce GTX 1660 Super Mini,GeForce GTX 1660 Super,6,120
ASUS GeForce GTX 1660 Super Phoenix,GeForce GTX 1660 Super,6,125
ASUS GeForce GTX 1660 Super ROG Strix,GeForce GTX 1660 Super,6,125
ASUS GeForce GTX 1660 Super ROG Strix A,GeForce GTX 1660 Super,6,125
ASUS GeForce GTX 1660 Super TUF,GeForce GTX 1660 Super,6,125
ASUS GeForce GTX 1660 Super TUF O6G Gaming,GeForce GTX 1660 Super,6,125
ASUS GeForce GTX 1660 Ti Dual O6G,GeForce GTX 1660 Ti (6GB),6,120
ASUS GeForce GTX 1660 Ti Phoenix O6G,GeForce GTX 1660 Ti (6GB),6,120
ASUS GeForce GTX 1660 Ti ROG STRIX O6G,GeForce GTX 1660 Ti (6GB),6,120
ASUS GeForce GTX 1660 Ti TUF 6G Evo,GeForce GTX 1660 Ti (6GB),6,130
ASUS GeForce GTX 1660 Ti TUF O6G Evo,GeForce GTX 1660 Ti (6GB),6,130
ASUS GeForce GTX 1660 TUF,GeForce GTX 1660 (6GB),6,120
ASUS GeForce GTX 1660 TUF X3,GeForce GTX 1660 (6GB),6,120
ASUS GeForce GTX 1660 TUF X3 A,GeForce GTX 1660 (6GB),6,120
Asus GeForce GTX 660 Ti,GeForce GTX 660 Ti,2,150
ASUS GeForce GTX 750 Ti STRIX OC,GeForce GTX 750 Ti,2,60
ASUS GeForce RTX 2060 Dual 6G EVO,GeForce RTX 2060 (6GB),6,160
ASUS GeForce RTX 2060 Dual A6G,GeForce RTX 2060 (6GB),6,160
ASUS GeForce RTX 2060 Dual A6G EVO,GeForce RTX 2060 (6GB),6,160
ASUS GeForce RTX 2060 Dual Mini,GeForce RTX 2060 (6GB),6,160
ASUS GeForce RTX 2060 Dual O6G EVO,GeForce RTX 2060 (6GB),6,160
ASUS GeForce RTX 2060 Phoenix 6G,GeForce RTX 2060 (6GB),6,160
ASUS GeForce RTX 2060 ROG STRIX 6G,GeForce RTX 2060 (6GB),6,160
ASUS GeForce RTX 2060 ROG Strix 6G Evo,GeForce RTX 2060 (6GB),6,500
ASUS GeForce RTX 2060 ROG STRIX A6G,GeForce RTX 2060 (6GB),6,190
ASUS GeForce RTX 2060 ROG Strix A6G Evo,GeForce RTX 2060 (6GB),6,500
ASUS GeForce RTX 2060 ROG STRIX O6G,GeForce RTX 2060 (6GB),6,160
ASUS GeForce RTX 2060 ROG Strix O6G Evo,GeForce RTX 2060 (6GB),6,500
ASUS GeForce RTX 2060 Super 8G Evo V,GeForce RTX 2080 Super,8,175
ASUS GeForce RTX 2060 Super Dual 8G EVO,GeForce RTX 2060 Super,8,175
ASUS GeForce RTX 2060 Super Dual A8G EVO,GeForce RTX 2060 Super,8,175
ASUS GeForce RTX 2060 Super Dual A8G EVO V,GeForce RTX 2060 Super,8,175
ASUS GeForce RTX 2060 Super Dual O8G EVO,GeForce RTX 2060 Super,8,175
ASUS GeForce RTX 2060 Super Dual O8G EVO V,GeForce RTX 2060 Super,8,175
ASUS GeForce RTX 2060 Super ROG Strix 8G EVO,GeForce RTX 2060 Super,8,175
ASUS GeForce RTX 2060 Super ROG Strix 8G Gaming,GeForce RTX 2060 Super,8,175
ASUS GeForce RTX 2060 Super ROG Strix A8G EVO,GeForce RTX 2060 Super,8,175
ASUS GeForce RTX 2060 Super ROG Strix A8G Gaming,GeForce RTX 2060 Super,8,175
ASUS GeForce RTX 2060 Super ROG Strix O8G EVO,GeForce RTX 2060 Super,8,175
ASUS GeForce RTX 2060 Super ROG Strix O8G Gaming,GeForce RTX 2060 Super,8,175
ASUS GeForce RTX 2060 Super Turbo 8G EVO,GeForce RTX 2060 Super,8,175
ASUS GeForce RTX 2060 TUF,GeForce RTX 2060 (6GB),6,160
ASUS GeForce RTX 2060 Turbo 6G,GeForce RTX 2060 (6GB),6,160
ASUS GeForce RTX 2070 Dual 8G EVO,GeForce RTX 2070,8,175
ASUS GeForce RTX 2070 Dual 8G Evo V,GeForce RTX 2070,8,175
ASUS GeForce RTX 2070 Dual A8G,GeForce RTX 2070,8,175
ASUS GeForce RTX 2070 Dual A8G EVO,GeForce RTX 2070,8,175
ASUS GeForce RTX 2070 Dual O8G,GeForce RTX 2070,8,175
ASUS GeForce RTX 2070 Dual O8G Evo V,GeForce RTX 2070,8,175
ASUS GeForce RTX 2070 Mini Dual,GeForce RTX 2070,8,175
ASUS GeForce RTX 2070 ROG STRIX A8G,GeForce RTX 2070,8,175
ASUS GeForce RTX 2070 ROG STRIX O8G,GeForce RTX 2070,8,175
ASUS GeForce RTX 2070 Super Dual 8G Evo,GeForce RTX 2070 Super,8,260
ASUS GeForce RTX 2070 Super Dual A8G Evo,GeForce RTX 2070 Super,8,260
ASUS GeForce RTX 2070 Super Dual O8G Evo,GeForce RTX 2070 Super,8,260
ASUS GeForce RTX 2070 Super ROG Strix 8G Gaming,GeForce RTX 2070 Super,8,260
ASUS GeForce RTX 2070 Super ROG Strix A8G Gaming,GeForce RTX 2070 Super,8,260
ASUS GeForce RTX 2070 Super ROG Strix O8G Gaming,GeForce RTX 2070 Super,8,260
ASUS GeForce RTX 2070 Super Turbo 8G EVO,GeForce RTX 2070 Super,8,260
ASUS GeForce RTX 2070 Turbo 8G,GeForce RTX 2070,8,175
ASUS GeForce RTX 2080 Dual O8G,GeForce RTX 2080,8,225
ASUS GeForce RTX 2080 ROG STRIX O8G Gaming,GeForce RTX 2080,8,225
ASUS GeForce RTX 2080 Super Dual 8G Evo,GeForce RTX 2080 Super,8,250
ASUS GeForce RTX 2080 Super Dual 8G Evo V,GeForce RTX 2080 Super,8,250
ASUS GeForce RTX 2080 Super Dual O8G Evo,GeForce RTX 2080 Super,8,250
ASUS GeForce RTX 2080 Super Dual O8G Evo V,GeForce RTX 2080 Super,8,250
ASUS GeForce RTX 2080 Super ROG Strix 8G Gaming,GeForce RTX 2080 Super,8,250
ASUS GeForce RTX 2080 Super ROG Strix A8G Gaming,GeForce RTX 2080 Super,8,250
ASUS GeForce RTX 2080 Super ROG Strix O8G Gaming,GeForce RTX 2080 Super,8,250
ASUS GeForce RTX 2080 Super ROG Strix O8G White Edition,GeForce RTX 2080 Super,8,250
ASUS GeForce RTX 2080 Super Turbo 8G Evo,GeForce RTX 2080 Super,8,250
ASUS GeForce RTX 2080 Ti Dual 1,GeForce RTX 2080 Ti,11,285
ASUS GeForce RTX 2080 Ti Dual A1,GeForce RTX 2080 Ti,11,250
ASUS GeForce RTX 2080 Ti Dual O1,GeForce RTX 2080 Ti,11,285
ASUS GeForce RTX 2080 Ti ROG Strix 1,GeForce RTX 2080 Ti,11,250
ASUS GeForce RTX 2080 Ti ROG Strix A1,GeForce RTX 2080 Ti,11,285
ASUS GeForce RTX 2080 Ti ROG Strix O1,GeForce RTX 2080 Ti,11,250
ASUS GeForce RTX 2080 Ti ROG Strix O11G White Edition,GeForce RTX 2080 Ti,11,285
ASUS GeForce RTX 2080 Ti Turbo 1,GeForce RTX 2080 Ti,11,285
ASUS GeForce RTX 3050 Dual,GeForce RTX 3050 (6GB),6,70
ASUS GeForce RTX 3050 Low Profile,GeForce RTX 3050 (6GB),6,350
ASUS GeForce RTX 3060 Ti Dual Mini V2 8G LHR,GeForce RTX 3060 Ti,8,225
ASUS GeForce RTX 3060 Ti TUF,GeForce RTX 3060 Ti,8,200
ASUS GeForce RTX 3080 ROG Strix,GeForce RTX 3080 (12GB),12,350
ASUS GeForce RTX 3080 TUF,GeForce RTX 3080 (12GB),12,350
ASUS GeForce RTX 4060 Low Profile O8G BRK,GeForce RTX 4060 (8GB),8,115
ASUS GeForce RTX 4090 ROG Strix BTF,GeForce RTX 4090,24,450
Asus GT1030 2G CSM,GeForce GT 1030,2,30
ASUS GTX 650 Ti Boost DirectCU II OC,GeForce GTX 650 Ti Boost,2,134
ASUS GTX 760 DirectCU II OC,GeForce GTX 760,2,170
Asus PH GT1030 O2G,GeForce GT 1030,2,30
Asus PH GTX 1050 2G,GeForce GTX 1050,2,75
Asus PH GTX 1050TI 4G,GeForce GTX 1050 Ti,4,75
Asus PH GTX 1060 3G,GeForce GTX 1060 (3GB),3,120
Asus PH GTX 1060 6G,GeForce GTX 1060 (6GB),6,120
Asus PH RX 550 4G M7,Radeon RX 550,4,50
Asus R7250 1GD5 V2,Radeon R7 250,1,
Asus R9 270 DirectCU II,Radeon R9 270,2,150
Asus R9 270X DirectCU II,Radeon R9 270X,2,180
ASUS Radeon RX 460 Dual O2G,Radeon RX 460 (2GB),2,75
ASUS Radeon RX 460 STRIX O4G Gaming,Radeon RX 460 (4GB),4,75
ASUS Radeon RX 480 Dual O4G,Radeon RX 480,4,150
ASUS Radeon RX 550 4G,Radeon RX 550,4,50
ASUS Radeon RX 5500 XT Dual O8G Evo,Radeon RX 5500 XT (8GB),8,130
ASUS Radeon RX 5500 XT ROG Strix,Radeon RX 5500 XT (8GB),8,130
ASUS Radeon RX 560 2G,Radeon RX 560,2,80
ASUS Radeon RX 560 4G EVO,Radeon RX 560,4,80
ASUS Radeon RX 560 O2G,Radeon RX 560,2,80
ASUS Radeon RX 560 O4G EVO,Radeon RX 560,4,80
ASUS Radeon RX 560 STRIX 4G Gaming,Radeon RX 560,4,80
ASUS Radeon RX 560 STRIX O4G Gaming,Radeon RX 560,4,80
ASUS Radeon RX 5600 XT ROG Strix,Radeon RX 5600 XT (6GB),6,160
ASUS Radeon RX 5600 XT TUF O6G Evo,Radeon RX 5600 XT (6GB),6,160
ASUS Radeon RX 570 Expedition 4G,Radeon RX 570 (4GB),4,120
ASUS Radeon RX 570 Expedition O4G,Radeon RX 570 (4GB),4,120
ASUS Radeon RX 570 STRIX 4G Gaming,Radeon RX 570 (4GB),4,120
ASUS Radeon RX 570 STRIX O4G Gaming,Radeon RX 570 (4GB),4,120
ASUS Radeon RX 5700,Radeon RX 5700,8,180
ASUS Radeon RX 5700 Dual O8G Evo,Radeon RX 5700,8,180
ASUS Radeon RX 5700 ROG Strix,Radeon RX 5700,8,180
ASUS Radeon RX 5700 TUF,Radeon RX 5700,8,180
ASUS Radeon RX 5700 XT,Radeon RX 5700 XT,8,225
ASUS Radeon RX 5700 XT Dual OC Evo,Radeon RX 5700 XT,8,225
ASUS Radeon RX 5700 XT ROG Strix,Radeon RX 5700 XT,8,225
ASUS Radeon RX 5700 XT TUF,Radeon RX 5700 XT,8,225
ASUS Radeon RX 580 Dual O4G,Radeon RX 580 (4GB),4,185
ASUS Radeon RX 580 Dual O8G,Radeon RX 580 (8GB),8,185
ASUS Radeon RX 580 STRIX 8G Gaming,Radeon RX 580 (8GB),8,185
ASUS Radeon RX 580 STRIX O8G Gaming,Radeon RX 580 (8GB),8,185
ASUS Radeon RX 580 STRIX T8G Gaming,Radeon RX 580 (8GB),8,185
ASUS Radeon RX 590 ROG STRIX 8G Gaming,Radeon RX 590,8,225
ASUS Radeon RX 6400 Dual,Radeon RX 6400,4,53
ASUS Radeon RX 6400 Phoenix,Radeon RX 6400,4,53
ASUS Radeon RX Vega 56 STRIX O8G Gaming,Radeon RX Vega 56,8,250
ASUS Radeon VII,Radeon VII,16,300
ASUS ROG Matrix GTX 780 Ti Platinum,GeForce GTX 780 Ti,3,250
Asus ROG POSEIDON GTX 1080TI P11G GAMING,GeForce GTX 1080 Ti,11,250
Asus ROG STRIX GTX 1050TI 4G GAMING,GeForce GTX 1050 Ti,4,75
Asus ROG STRIX GTX 1050TI O4G GAMING,GeForce GTX 1050 Ti,4,75
Asus ROG STRIX GTX 1060 6G GAMING,GeForce GTX 1060 (6GB),6,120
Asus ROG STRIX GTX 1060 O6G GAMING,GeForce GTX 1060 (6GB),6,120
Asus ROG STRIX GTX 1070 8G GAMING,GeForce GTX 1070,8,150
Asus ROG STRIX GTX 1070TI 8G GAMING,GeForce GTX 1070 Ti,8,180
Asus ROG STRIX GTX 1080 8G GAMING,GeForce GTX 1080,8,180
Asus ROG STRIX GTX 1080 A8G 11GBPS,GeForce GTX 1080,8,180
Asus ROG STRIX GTX 1080 A8G GAMING,GeForce GTX 1080,8,180
Asus ROG STRIX GTX 1080TI 11G GAMING,GeForce GTX 1080 Ti,11,250
Asus ROG STRIX GTX 1080TI O11G GAMING,GeForce GTX 1080 Ti,11,250
Asus ROG STRIX RX 560 O4G EVO GAMING,Radeon RX 560,4,90
Asus ROG STRIX RX 580 8G GAMING,Radeon RX 580 (8GB),8,185
Asus RX 550 2G,Radeon RX 550,2,50
Asus RX 560 4G,Radeon RX 560,4,90
Asus RX 560 O2G,Radeon RX 560,2,90
Asus RX 560 O4G,Radeon RX 560,4,90
Asus Strix Geforce GTX 960,GeForce GTX 960,2,150
Asus Strix Geforce GTX 970,GeForce GTX 970,3.5,225
Asus Strix Geforce GTX 980,GeForce GTX 980,4,300
Asus Strix R9 380X,Radeon R9 380X,4,227
Asus Strix R9 390X,Radeon R9 390X,8,300
Asus Strix RX 470,Radeon RX 470,4,120
ASUS TUF Gaming GeForce GTX 1660 Ti Evo Top Edition,GeForce GTX 1660 Ti (6GB),6,120
ASUS TUF Gaming GeForce RTX 5080 OC Edition,GeForce RTX 5080 (16GB),16,
Asus TURBO GTX 1060 6G,GeForce GTX 1060 (6GB),6,120
Asus TURBO GTX 1070 8G,GeForce GTX 1070,8,150
Asus TURBO GTX 1070TI 8G,GeForce GTX 1070 Ti,8,180
Asus TURBO GTX 1080 8G,GeForce GTX 1080,8,180
Asus TURBO GTX 1080TI 11G,GeForce GTX 1080 Ti,11,250
Club 3D GeForce GTS 450,GeForce GTS 450,1,106
Club 3D R9 280 royalKing,Radeon R9 280,3,250
Club 3D R9 285 royalQueen,Radeon R9 285,2,190
EVGA GeForce GT 1030 SC,GeForce GT 1030,2,30
EVGA GeForce GTX 1050 FTW Gaming ACX 3.0,GeForce GTX 1050,2,75
EVGA GeForce GTX 1050 Gaming,GeForce GTX 1050,2,75
EVGA GeForce GTX 1050 SC Gaming,GeForce GTX 1050,2,75
EVGA GeForce GTX 1050 SSC Gaming ACX 3.0,GeForce GTX 1050,2,75
EVGA GeForce GTX 1050 Ti FTW Gaming,GeForce GTX 1050 Ti,4,75
EVGA GeForce GTX 1050 Ti Gaming ACX 2.0,GeForce GTX 1050 Ti,4,75
EVGA GeForce GTX 1050 Ti SC Gaming ACX 2.0,GeForce GTX 1050 Ti,4,75
EVGA GeForce GTX 1050 Ti SSC Gaming ACX 3.0,GeForce GTX 1050 Ti,4,75
EVGA GeForce GTX 1060,GeForce GTX 1060 (6GB),6,120
EVGA GeForce GTX 1060 FTW Gaming,GeForce GTX 1060 (6GB),6,120
EVGA GeForce GTX 1060 FTW+ Gaming ACX 3.0,GeForce GTX 1060 (3GB),3,120
EVGA GeForce GTX 1060 FTW+ Gaming ACX 3.0,GeForce GTX 1060 (6GB),6,120
EVGA GeForce GTX 1060 FTW2+ Gaming,GeForce GTX 1060 (6GB),6,120
EVGA GeForce GTX 1060 Gaming,GeForce GTX 1060 (3GB),3,120
EVGA GeForce GTX 1060 Gaming,GeForce GTX 1060 (6GB),6,120
EVGA GeForce GTX 1060 Gaming ACX 2.0,GeForce GTX 1060 (3GB),3,120
EVGA GeForce GTX 1060 Gaming ACX 3.0,GeForce GTX 1060 (6GB),6,120
EVGA GeForce GTX 1060 SC Gaming,GeForce GTX 1060 (6GB),6,120
EVGA GeForce GTX 1060 SC Gaming,GeForce GTX 1060 (3GB),3,120
EVGA GeForce GTX 1060 SSC DT Gaming ACX 3.0,GeForce GTX 1060 (6GB),6,120
EVGA GeForce GTX 1060 SSC Gaming ACX 3.0,GeForce GTX 1060 (3GB),3,120
EVGA GeForce GTX 1060 SSC Gaming ACX 3.0,GeForce GTX 1060 (6GB),6,120
EVGA GeForce GTX 1070 Founders Edition,GeForce GTX 1070,8,150
EVGA GeForce GTX 1070 FTW Gaming ACX 3.0,GeForce GTX 1070,8,150
EVGA GeForce GTX 1070 FTW Hybrid Gaming,GeForce GTX 1070,8,150
EVGA GeForce GTX 1070 FTW2 Gaming iCX,GeForce GTX 1070,8,150
EVGA GeForce GTX 1070 Gaming ACX 3.0,GeForce GTX 1070,8,150
EVGA GeForce GTX 1070 Hybrid Gaming,GeForce GTX 1070,8,150
EVGA GeForce GTX 1070 SC 2 Gaming iCX,GeForce GTX 1070,8,150
EVGA GeForce GTX 1070 SC Gaming ACX 3.0,GeForce GTX 1070,8,150
EVGA GeForce GTX 1070 SC Gaming ACX 3.0 Black Edition,GeForce GTX 1070,8,150
EVGA GeForce GTX 1070 Ti FTW Ultra Silent,GeForce GTX 1070 Ti,8,180
EVGA GeForce GTX 1070 Ti FTW2 Gaming iCX,GeForce GTX 1070 Ti,8,180
EVGA GeForce GTX 1070 Ti Gaming,GeForce GTX 1070 Ti,8,180
EVGA GeForce GTX 1070 Ti SC Gaming ACX 3.0 Black Edition,GeForce GTX 1070 Ti,8,180
EVGA GeForce GTX 1070 Ti SC Hybrid,GeForce GTX 1070 Ti,8,180
EVGA GeForce GTX 1080 Classified Gaming ACX 3.0,GeForce GTX 1080,8,180
EVGA GeForce GTX 1080 Founders Edition,GeForce GTX 1080,8,180
EVGA GeForce GTX 1080 FTW DT Gaming ACX 3.0,GeForce GTX 1080,8,180
EVGA GeForce GTX 1080 FTW Gaming ACX 3.0,GeForce GTX 1080,8,180
EVGA GeForce GTX 1080 FTW Hybrid Gaming,GeForce GTX 1080,8,180
EVGA GeForce GTX 1080 FTW2 Gaming iCX,GeForce GTX 1080,8,180
EVGA GeForce GTX 1080 Gaming,GeForce GTX 1080,8,180
EVGA GeForce GTX 1080 Hybrid Gaming,GeForce GTX 1080,8,180
EVGA GeForce GTX 1080 SC 2 Gaming iCX,GeForce GTX 1080,8,180
EVGA GeForce GTX 1080 SC Gaming ACX 3.0,GeForce GTX 1080,8,180
EVGA GeForce GTX 1080 Ti Founders Edition,GeForce GTX 1080 Ti,11,250
EVGA GeForce GTX 1080 Ti FTW3 12 Gbps Elite,GeForce GTX 1080 Ti,11,250
EVGA GeForce GTX 1080 Ti FTW3 Gaming iCX,GeForce GTX 1080 Ti,11,250
EVGA GeForce GTX 1080 Ti FTW3 Hybrid Gaming,GeForce GTX 1080 Ti,11,250
EVGA GeForce GTX 1080 Ti Gaming,GeForce GTX 1080 Ti,11,250
EVGA GeForce GTX 1080 Ti K|NGP|N Gaming,GeForce GTX 1080 Ti,11,250
EVGA GeForce GTX 1080 Ti SC Black Edition iCX,GeForce GTX 1080 Ti,11,250
EVGA GeForce GTX 1080 Ti SC2 Gaming iCX,GeForce GTX 1080 Ti,11,250
EVGA GeForce GTX 1080 Ti SC2 Hybrid Gaming iCX,GeForce GTX 1080 Ti,11,250
EVGA GeForce GTX 1650 KO Ultra Gaming,GeForce GTX 1650 (4GB),4,75
EVGA GeForce GTX 1650 SC Ultra Gaming,GeForce GTX 1650 (4GB),4,85
EVGA GeForce GTX 1650 SC Ultra Gaming GDDR6,GeForce GTX 1650 (4GB),4,75
EVGA GeForce GTX 1650 Super SC Ultra,GeForce GTX 1650 Super,4,100
EVGA GeForce GTX 1660 SC Ultra Gaming,GeForce GTX 1660 (6GB),6,120
EVGA GeForce GTX 1660 Super Black Gaming,GeForce GTX 1660 Super,6,125
EVGA GeForce GTX 1660 Super SC Ultra,GeForce GTX 1660 Super,6,125
EVGA GeForce GTX 1660 Super SC Ultra Black,GeForce GTX 1660 Super,6,125
EVGA GeForce GTX 1660 Ti SC Ultra Gaming,GeForce GTX 1660 Ti (6GB),6,120
EVGA GeForce GTX 1660 Ti XC Black Gaming,GeForce GTX 1660 Ti (6GB),6,130
EVGA GeForce GTX 1660 Ti XC Gaming,GeForce GTX 1660 Ti (6GB),6,130
EVGA GeForce GTX 1660 XC,GeForce GTX 1660 (6GB),6,120
EVGA GeForce GTX 1660 XC Black,GeForce GTX 1660 (6GB),6,120
EVGA GeForce GTX 1660 XC Ultra,GeForce GTX 1660 (6GB),6,120
EVGA GeForce GTX 670 FTW,GeForce GTX 670,2,170
EVGA GeForce GTX 680,GeForce GTX 680,2,195
EVGA GeForce GTX 750 Superclocked,GeForce GTX 750,1,55
EVGA GeForce RTX 2060 KO Gaming,GeForce RTX 2060 (6GB),6,160
EVGA GeForce RTX 2060 KO Ultra Gaming,GeForce RTX 2060 (6GB),6,160
EVGA GeForce RTX 2060 SC Black Gaming,GeForce RTX 2060 (6GB),6,160
EVGA GeForce RTX 2060 SC Gaming,GeForce RTX 2060 (6GB),6,160
EVGA GeForce RTX 2060 Super SC Black,GeForce RTX 2060 Super,8,175
EVGA GeForce RTX 2060 Super SC Ultra Gaming,GeForce RTX 2060 Super,8,175
EVGA GeForce RTX 2060 Super XC Gaming,GeForce RTX 2060 Super,8,175
EVGA GeForce RTX 2060 Super XC Ultra Gaming,GeForce RTX 2060 Super,8,175
EVGA GeForce RTX 2060 XC Black Gaming,GeForce RTX 2060 (6GB),6,160
EVGA GeForce RTX 2060 XC Gaming,GeForce RTX 2060 (6GB),6,160
EVGA GeForce RTX 2060 XC Ultra Black Gaming,GeForce RTX 2060 (6GB),6,160
EVGA GeForce RTX 2060 XC Ultra Gaming,GeForce RTX 2060 (6GB),6,160
EVGA GeForce RTX 2070 Black Edition,GeForce RTX 2070,8,175
EVGA GeForce RTX 2070 Super Black Gaming,GeForce RTX 2070 Super,8,260
EVGA GeForce RTX 2070 Super FTW3 Ultra Gaming,GeForce RTX 2070 Super,8,260
EVGA GeForce RTX 2070 Super FTW3 Ultra+,GeForce RTX 2070 Super,8,215
EVGA GeForce RTX 2070 Super Gaming,GeForce RTX 2070 Super,8,260
EVGA GeForce RTX 2070 Super KO Gaming,GeForce RTX 2070 Super,8,215
EVGA GeForce RTX 2070 Super XC Gaming,GeForce RTX 2070 Super,8,260
EVGA GeForce RTX 2070 Super XC Hybrid Gaming,GeForce RTX 2070 Super,8,260
EVGA GeForce RTX 2070 Super XC Ultra Gaming,GeForce RTX 2070 Super,8,260
EVGA GeForce RTX 2070 Super XC Ultra+,GeForce RTX 2070 Super,8,215
EVGA GeForce RTX 2070 XC,GeForce RTX 2070,8,175
EVGA GeForce RTX 2070 XC Ultra,GeForce RTX 2070,8,175
EVGA GeForce RTX 2080 Super Black Gaming,GeForce RTX 2080 Super,8,250
EVGA GeForce RTX 2080 Super FTW3 Hybrid,GeForce RTX 2080 Super,8,250
EVGA GeForce RTX 2080 Super FTW3 Hydro Copper Gaming,GeForce RTX 2080 Super,8,250
EVGA GeForce RTX 2080 Super FTW3 Ultra Gaming,GeForce RTX 2080 Super,8,250
EVGA GeForce RTX 2080 Super KO Gaming,GeForce RTX 2080 Super,8,250
EVGA GeForce RTX 2080 Super XC Gaming,GeForce RTX 2080 Super,8,250
EVGA GeForce RTX 2080 Super XC Hybrid Gaming,GeForce RTX 2080 Super,8,250
EVGA GeForce RTX 2080 Super XC Ultra Gaming,GeForce RTX 2080 Super,8,250
EVGA GeForce RTX 2080 Ti,GeForce RTX 2080 Ti,11,250
EVGA GeForce RTX 2080 Ti Black Edition Gaming,GeForce RTX 2080 Ti,11,250
EVGA GeForce RTX 2080 Ti FTW3 Gaming iCX,GeForce RTX 2080 Ti,11,250
EVGA GeForce RTX 2080 Ti FTW3 Hydro Copper iCX,GeForce RTX 2080 Ti,11,285
EVGA GeForce RTX 2080 Ti FTW3 Ultra Gaming iCX,GeForce RTX 2080 Ti,11,250
EVGA GeForce RTX 2080 Ti FTW3 Ultra Hybrid Gaming,GeForce RTX 2080 Ti,11,250
EVGA GeForce RTX 2080 Ti K|NGP|N Gaming,GeForce RTX 2080 Ti,11,250
EVGA GeForce RTX 2080 Ti XC,GeForce RTX 2080 Ti,11,285
EVGA GeForce RTX 2080 Ti XC Black Edition Gaming,GeForce RTX 2080 Ti,11,250
EVGA GeForce RTX 2080 Ti XC Hybrid Gaming,GeForce RTX 2080 Ti,11,250
EVGA GeForce RTX 2080 Ti XC Ultra,GeForce RTX 2080 Ti,11,285
EVGA GeForce RTX 2080 Ti XC2 Ultra Gaming,GeForce RTX 2080 Ti,11,250
EVGA GeForce RTX 2080 XC,GeForce RTX 2080,8,225
EVGA GeForce RTX 2080 XC Ultra,GeForce RTX 2080,8,225
EVGA GeForce RTX 3080 FTW3 Ultra Gaming,GeForce RTX 3080 (12GB),12,320
EVGA GeForce RTX 3080 FTW3 Ultra Hydro Copper,GeForce RTX 3080,10,320
EVGA GeForce RTX 3080 Ti FTW3 Ultra Hydro Copper Gaming,GeForce RTX 3080 Ti,12,320
EVGA GeForce RTX 3080 Ti XC3 Ultra Hydro Copper Gaming,GeForce RTX 3080 Ti,12,320
EVGA GeForce RTX 3080 XC3 Ultra Gaming,GeForce RTX 3080 (12GB),12,320
EVGA GeForce RTX 3090 FTW3 Ultra Hydro Copper,GeForce RTX 3090,24,350
EVGA GT 720 Low Profile,GeForce GT 720,1,19
EVGA GTX 460 Superclocked EE,GeForce GTX 460,1,160
EVGA GTX 470 Superclocked,GeForce GTX 470,1.2,215
EVGA GTX 480 Superclocked,GeForce GTX 480,1.5,250
EVGA GTX 550 Ti,GeForce GTX 550 Ti,1,116
EVGA GTX 560 Superclocked,GeForce GTX 560,1,150
EVGA GTX 560 Ti FPB,GeForce GTX 560 Ti,1,170
EVGA GTX 570 HD Superclocked,GeForce GTX 570,1.2,219
EVGA GTX 580 Superclocked,GeForce GTX 580,1.5,244
EVGA GTX 650,GeForce GTX 650,1,65
EVGA GTX 650 Ti 2 GB,GeForce GTX 650 Ti,2,110
EVGA GTX 660 Superclocked,GeForce GTX 660,2,140
Gainward GeForce GTX 1060,GeForce GTX 1060 (6GB),6,120
Gainward GeForce GTX 1060,GeForce GTX 1060 (3GB),3,120
Gainward GeForce GTX 1060 Phoenix,GeForce GTX 1060 (6GB),6,120
Gainward GeForce GTX 1060 Phoenix GS,GeForce GTX 1060 (6GB),6,120
Gainward GeForce GTX 1070 Dual,GeForce GTX 1070,8,150
Gainward GeForce GTX 1070 Phoenix,GeForce GTX 1070,8,150
Gainward GeForce GTX 1070 Phoenix GLH,GeForce GTX 1070,8,150
Gainward GeForce GTX 1070 Phoenix GS,GeForce GTX 1070,8,150
Gainward GeForce GTX 1080 Phoenix,GeForce GTX 1080,8,180
Gainward GeForce GTX 1080 Phoenix GLH,GeForce GTX 1080,8,180
Gainward GeForce GTX 1080 Phoenix GS,GeForce GTX 1080,8,180
Gainward GeForce GTX 1080 Ti Founders Edition,GeForce GTX 1080 Ti,11,250
Gainward GeForce GTX 1080 Ti Golden Sample,GeForce GTX 1080 Ti,11,250
Gainward GeForce GTX 1660 Ti Pegasus 6G,GeForce GTX 1660 Ti (6GB),6,120
Gainward GeForce GTX 1660 Ti Pegasus OC 6G,GeForce GTX 1660 Ti (6GB),6,120
Gainward GeForce RTX 2060 Phoenix GS,GeForce RTX 2060 (6GB),6,190
Gainward GeForce RTX 2070 Phoenix,GeForce RTX 2070,8,185
Gainward GeForce RTX 2070 Phoenix GS,GeForce RTX 2070,8,185
Gainward GeForce RTX 2080 Phoenix GS,GeForce RTX 2080,8,225
Gainward GeForce RTX 2080 Ti Phoenix,GeForce RTX 2080 Ti,11,260
Gainward GeForce RTX 2080 Ti Phoenix GS,GeForce RTX 2080 Ti,11,260
Galax RTX 2060 OC,GeForce RTX 2060 (6GB),6,160
Gigabyte Aorus GeForce GTX 1660 Ti 6G,GeForce GTX 1660 Ti (6GB),6,120
Gigabyte Aorus GeForce RTX 2060 Super,GeForce RTX 2060 Super,8,175
Gigabyte Aorus GeForce RTX 2060 Xtreme 6G,GeForce RTX 2060 (6GB),6,190
Gigabyte Aorus GeForce RTX 2070 Super,GeForce RTX 2070 Super,8,260
Gigabyte Aorus GeForce RTX 2070 Super Gaming OC,GeForce RTX 2070 Super,8,260
Gigabyte Aorus GeForce RTX 2080 Super,GeForce RTX 2080 Super,8,250
Gigabyte Aorus GeForce RTX 2080 Super Waterforce,GeForce RTX 2080 Super,8,250
Gigabyte Aorus GeForce RTX 2080 Super Waterforce WB,GeForce RTX 2080 Super,8,250
Gigabyte Aorus GeForce RTX 2080 Ti 1,GeForce RTX 2080 Ti,11,250
Gigabyte Aorus GeForce RTX 2080 Ti Xtreme 1,GeForce RTX 2080 Ti,11,250
Gigabyte Aorus GeForce RTX 2080 Ti Xtreme Waterforce 1,GeForce RTX 2080 Ti,11,250
Gigabyte Aorus GeForce RTX 2080 Ti Xtreme Waterforce WB 1,GeForce RTX 2080 Ti,11,250
Gigabyte Aorus GeForce RTX 3080 Master 12G LHR,GeForce RTX 3080 (12GB),12,350
Gigabyte Aorus GeForce RTX 3080 Xtreme Waterforce 10G LHR,GeForce RTX 3080,10,320
Gigabyte Aorus GeForce RTX 3080 Xtreme Waterforce 12G LHR,GeForce RTX 3080 (12GB),12,350
Gigabyte Aorus GeForce RTX 3080 Xtreme Waterforce WB 10G LHR,GeForce RTX 3080,10,320
Gigabyte Aorus GeForce RTX 3080 Xtreme Waterforce WB 12G LHR,GeForce RTX 3080 (12GB),12,350
Gigabyte Aorus GeForce RTX 3090 Ti Xtreme Waterforce,GeForce RTX 3090 Ti,24,450
GIGABYTE Aorus GeForce RTX 4080 Xtreme Waterforce,GeForce RTX 4080,16,320
GIGABYTE Aorus GeForce RTX 4080 Xtreme Waterforce WB,GeForce RTX 4080,16,320
Gigabyte Aorus GeForce RTX 5090 Master 32G,GeForce RTX 5090 (32GB),32,650
Gigabyte Aorus Radeon RX 5700 XT,Radeon RX 5700 XT,8,180
Gigabyte Aorus Radeon RX 6900 XT Xtreme Waterforce WB,Radeon RX 6900 XT,16,300
Gigabyte GeForce GT 1030,GeForce GT 1030,2,30
Gigabyte GeForce GT 1030 Low Profile D4,GeForce GT 1030,2,30
Gigabyte GeForce GT 1030 OC 2G,GeForce GT 1030,2,30
Gigabyte GeForce GT 1030 Silent,GeForce GT 1030,2,30
Gigabyte GeForce GT 610 Silent,GeForce GT 610,1,29
Gigabyte GeForce GTX 1050,GeForce GTX 1050,2,75
Gigabyte GeForce GTX 1050 OC,GeForce GTX 1050,2,75
Gigabyte GeForce GTX 1050 Ti,GeForce GTX 1050 Ti,4,75
Gigabyte GeForce GTX 1050 Ti G1 Gaming,GeForce GTX 1050 Ti,4,75
Gigabyte GeForce GTX 1050 Ti OC,GeForce GTX 1050 Ti,4,75
Gigabyte GeForce GTX 1050 Ti WindForce 2X OC,GeForce GTX 1050 Ti,4,75
Gigabyte GeForce GTX 1050 WindForce 2X,GeForce GTX 1050,2,75
Gigabyte GeForce GTX 1060 Aorus 6G 9 Gbps,GeForce GTX 1060 (6GB),6,120
Gigabyte GeForce GTX 1060 Aorus Xtreme 6G,GeForce GTX 1060 (6GB),6,120
Gigabyte GeForce GTX 1060 G1 Gaming,GeForce GTX 1060 (6GB),6,120
Gigabyte GeForce GTX 1060 G1 Gaming,GeForce GTX 1060 (3GB),3,120
Gigabyte GeForce GTX 1060 Mini ITX OC 6G,GeForce GTX 1060 (6GB),6,120
Gigabyte GeForce GTX 1060 OC WindForce 2X,GeForce GTX 1060 (3GB),3,120
Gigabyte GeForce GTX 1060 OC WindForce 2X,GeForce GTX 1060 (6GB),6,120
Gigabyte GeForce GTX 1060 Xtreme Gaming,GeForce GTX 1060 (6GB),6,120
Gigabyte GeForce GTX 1070 Aorus Gaming Box,GeForce GTX 1070,8,150
Gigabyte GeForce GTX 1070 Founders Edition,GeForce GTX 1070,8,150
Gigabyte GeForce GTX 1070 G1 Gaming,GeForce GTX 1070,8,150
Gigabyte GeForce GTX 1070 Mini ITX OC,GeForce GTX 1070,8,150
Gigabyte GeForce GTX 1070 OC WindForce 2X,GeForce GTX 1070,8,150
Gigabyte GeForce GTX 1070 Ti Aorus 8G,GeForce GTX 1070 Ti,8,180
Gigabyte GeForce GTX 1070 Ti Gaming 8G,GeForce GTX 1070 Ti,8,180
Gigabyte GeForce GTX 1070 Xtreme Gaming,GeForce GTX 1070,8,150
Gigabyte GeForce GTX 1080 Aorus 8G,GeForce GTX 1080,8,180
Gigabyte GeForce GTX 1080 Aorus Xtreme 8G,GeForce GTX 1080,8,180
Gigabyte GeForce GTX 1080 Aorus Xtreme 8G 11 Gbps,GeForce GTX 1080,8,180
Gigabyte GeForce GTX 1080 G1 Gaming,GeForce GTX 1080,8,180
Gigabyte GeForce GTX 1080 Mini ITX 8G,GeForce GTX 1080,8,180
Gigabyte GeForce GTX 1080 Ti Aorus 11G,GeForce GTX 1080 Ti,11,250
Gigabyte GeForce GTX 1080 Ti Aorus Xtreme 11G,GeForce GTX 1080 Ti,11,250
Gigabyte GeForce GTX 1080 Ti Founders Edition,GeForce GTX 1080 Ti,11,250
Gigabyte GeForce GTX 1080 Ti Gaming OC,GeForce GTX 1080 Ti,11,250
Gigabyte GeForce GTX 1080 Ti Gaming OC Black,GeForce GTX 1080 Ti,11,250
Gigabyte GeForce GTX 1080 Ti Turbo,GeForce GTX 1080 Ti,11,250
Gigabyte GeForce GTX 1080 Ti Waterforce W Xtreme 11G,GeForce GTX 1080 Ti,11,250
Gigabyte GeForce GTX 1080 WindForce OC 8G,GeForce GTX 1080,8,180
Gigabyte GeForce GTX 1080 Xtreme Gaming Premium Pack,GeForce GTX 1080,8,180
Gigabyte GeForce GTX 1080 Xtreme Gaming Water Cooling,GeForce GTX 1080,8,180
Gigabyte GeForce GTX 1650 D6 OC,GeForce GTX 1650 (4GB),4,75
Gigabyte GeForce GTX 1650 D6 WindForce OC,GeForce GTX 1650 (4GB),4,75
Gigabyte GeForce GTX 1650 Gaming OC 4G (Rev. 2.0),GeForce GTX 1650 (4GB),4,105
"Gigabyte GeForce GTX 1650 Mini ITX OC 4G, 4096 MB GDDR5",GeForce GTX 1650 (4GB),4,75
"Gigabyte GeForce GTX 1650 OC 4G, 4096 MB GDDR5",GeForce GTX 1650 (4GB),4,75
Gigabyte GeForce GTX 1650 Super OC,GeForce GTX 1650 Super,4,100
"Gigabyte GeForce GTX 1650 WindForce OC 4G, 4096 MB GDDR5",GeForce GTX 1650 (4GB),4,90
Gigabyte GeForce GTX 1660 Gaming,GeForce GTX 1660 (6GB),6,120
Gigabyte GeForce GTX 1660 Gaming OC,GeForce GTX 1660 (6GB),6,120
Gigabyte GeForce GTX 1660 OC,GeForce GTX 1660 (6GB),6,120
Gigabyte GeForce GTX 1660 Super Gaming OC,GeForce GTX 1660 Super,6,125
Gigabyte GeForce GTX 1660 Super OC,GeForce GTX 1660 Super,6,125
Gigabyte GeForce GTX 1660 Ti Gaming OC 6G,GeForce GTX 1660 Ti (6GB),6,120
Gigabyte GeForce GTX 1660 Ti Mini ITX OC 6G,GeForce GTX 1660 Ti (6GB),6,120
Gigabyte GeForce GTX 1660 Ti OC 6G,GeForce GTX 1660 Ti (6GB),6,120
Gigabyte GeForce GTX 1660 Ti WindForce OC 6G,GeForce GTX 1660 Ti (6GB),6,120
Gigabyte GeForce GTX 690,GeForce GTX 690,4,300
Gigabyte GeForce RTX 2060 D6,GeForce RTX 2060 (6GB),6,160
Gigabyte GeForce RTX 2060 Gaming OC 6G,GeForce RTX 2060 (6GB),6,160
Gigabyte GeForce RTX 2060 Gaming OC Pro 6G,GeForce RTX 2060 (6GB),6,160
Gigabyte GeForce RTX 2060 Mini ITX OC 6G,GeForce RTX 2060 (6GB),6,160
Gigabyte GeForce RTX 2060 OC 6G,GeForce RTX 2060 (6GB),6,160
Gigabyte GeForce RTX 2060 Super Gaming OC,GeForce RTX 2060 Super,8,175
Gigabyte GeForce RTX 2060 Super Gaming OC 3X 8G White,GeForce RTX 2060 Super,8,175
Gigabyte GeForce RTX 2060 Super Gaming OC 3X White 8G (Rev. 2.0),GeForce RTX 2060 Super,8,175
Gigabyte GeForce RTX 2060 Super WindForce OC,GeForce RTX 2060 Super,8,175
Gigabyte GeForce RTX 2060 WindForce OC 6G,GeForce RTX 2060 (6GB),6,160
Gigabyte GeForce RTX 2070 Super Gaming OC 3X,GeForce RTX 2070 Super,8,260
Gigabyte GeForce RTX 2070 Super Gaming OC 3X 8G White,GeForce RTX 2070 Super,8,260
Gigabyte GeForce RTX 2070 Super Windforce OC 3X,GeForce RTX 2070 Super,8,260
Gigabyte GeForce RTX 2070 Windforce 2X 8G 3.,GeForce RTX 2070,8,175
Gigabyte GeForce RTX 2080 Gaming OC,GeForce RTX 2080,8,225
Gigabyte GeForce RTX 2080 Super Gaming OC,GeForce RTX 2080 Super,8,250
Gigabyte GeForce RTX 2080 Super Gaming OC Waterforce WB,GeForce RTX 2080 Super,8,250
Gigabyte GeForce RTX 2080 Super Gaming OC White,GeForce RTX 2080 Super,8,250
Gigabyte GeForce RTX 2080 Super Turbo,GeForce RTX 2080 Super,8,250
Gigabyte GeForce RTX 2080 Ti Gaming OC,GeForce RTX 2080 Ti,11,250
Gigabyte GeForce RTX 2080 Ti Turbo 11G (rev. 2.0),GeForce RTX 2080 Ti,11,250
Gigabyte GeForce RTX 2080 Ti Turbo OC 1,GeForce RTX 2080 Ti,11,285
Gigabyte GeForce RTX 2080 Ti Turbo OC 11G (Rev. 2.0),GeForce RTX 2080 Ti,11,250
Gigabyte GeForce RTX 2080 Ti WindForce 1,GeForce RTX 2080 Ti,11,250
Gigabyte GeForce RTX 2080 Ti WindForce OC 11G,GeForce RTX 2080 Ti,11,260
Gigabyte GeForce RTX 2080 WindForce OC 8G,GeForce RTX 2080,8,225
GIGABYTE GeForce RTX 3050 Eagle OC,GeForce RTX 3050 (6GB),6,70
GIGABYTE GeForce RTX 3050 OC Low Profile,GeForce RTX 3050 (6GB),6,350
GIGABYTE GeForce RTX 3060 Windforce OC,GeForce RTX 3060,12,170
Gigabyte GeForce RTX 3080 Eagle,GeForce RTX 3080 (12GB),12,350
Gigabyte GeForce RTX 3080 Gaming OC,GeForce RTX 3080 (12GB),12,350
GIGABYTE GeForce RTX 5070 Aero OC 12G,GeForce RTX 5070 (12GB),12,
Gigabyte GT 730,GeForce GT 730,2,38
GIGABYTE GTX 770 WindForce 3X OC,GeForce GTX 770,4,230
Gigabyte GTX 980 Ti Gaming G1,GeForce GTX 980 Ti,6,250
Gigabyte HD 7950 Windforce,Radeon HD 7950,3,200
Gigabyte HD 7970 Windforce 3X OC,Radeon HD 7970,3,250
Gigabyte Radeon HD 7990,Radeon HD 7990,3,375
Gigabyte Radeon RX 460 WindForce OC 2G,Radeon RX 460 (2GB),2,75
Gigabyte Radeon RX 460 WindForce OC 4G,Radeon RX 460 (4GB),4,75
Gigabyte Radeon RX 550 2G,Radeon RX 550,2,50
Gigabyte Radeon RX 550 Gaming OC 2G,Radeon RX 550,2,65
Gigabyte Radeon RX 5500 XT Gaming OC,Radeon RX 5500 XT (8GB),8,130
Gigabyte Radeon RX 5500 XT Gaming OC,Radeon RX 5500 XT (4GB),4,130
Gigabyte Radeon RX 5500 XT OC,Radeon RX 5500 XT (4GB),4,110
Gigabyte Radeon RX 5500 XT OC,Radeon RX 5500 XT (8GB),8,110
Gigabyte Radeon RX 560 Gaming OC 2G,Radeon RX 560,2,90
Gigabyte Radeon RX 560 Gaming OC 4G,Radeon RX 560,4,90
Gigabyte Radeon RX 560 OC 4G,Radeon RX 560,4,80
Gigabyte Radeon RX 5600 XT Gaming OC,Radeon RX 5600 XT (6GB),6,150
Gigabyte Radeon RX 5600 XT Windforce OC,Radeon RX 5600 XT (6GB),6,150
Gigabyte Radeon RX 570 Aorus 4G,Radeon RX 570 (4GB),4,120
Gigabyte Radeon RX 570 Gaming 4G,Radeon RX 570 (4GB),4,120
Gigabyte Radeon RX 5700,Radeon RX 5700,8,180
Gigabyte Radeon RX 5700 Gaming OC,Radeon RX 5700,8,180
Gigabyte Radeon RX 5700 XT,Radeon RX 5700 XT,8,225
Gigabyte Radeon RX 5700 XT Gaming OC,Radeon RX 5700 XT,8,180
Gigabyte Radeon RX 5700 XT Gaming OC Rev 2.0,Radeon RX 5700 XT,8,180
Gigabyte Radeon RX 580 Aorus 4G,Radeon RX 580 (4GB),4,185
Gigabyte Radeon RX 580 Aorus 8G,Radeon RX 580 (8GB),8,185
Gigabyte Radeon RX 580 Aorus XTR 8G,Radeon RX 580 (8GB),8,185
Gigabyte Radeon RX 580 Gaming 4G,Radeon RX 580 (4GB),4,185
Gigabyte Radeon RX 580 Gaming 8G,Radeon RX 580 (8GB),8,185
Gigabyte Radeon RX 590 Gaming 8G (Rev. 2.0),Radeon RX 590,8,175
Gigabyte Radeon RX 6400 D6 Low Profile,Radeon RX 6400,4,53
Gigabyte Radeon RX 6400 Eagle,Radeon RX 6400,4,53
Gigabyte Radeon RX Vega 56 8G,Radeon RX Vega 56,8,250
Gigabyte Radeon RX Vega 56 Gaming OC,Radeon RX Vega 56,8,250
Gigabyte Radeon RX Vega 64 8G,Radeon RX Vega 64,8,300
Gigabyte Radeon RX Vega 64 Gaming OC,Radeon RX Vega 64,8,300
Gigabyte Radeon RX Vega 64 Silver 8G,Radeon RX Vega 64,8,300
Gigabyte Radeon RX Vega 64 Watercooling 8G,Radeon RX Vega 64,8,300
Gigabyte Radeon VII,Radeon VII,16,300
GTX 780 iChill HerculeZ X3,GeForce GTX 780,3,250
HIS Radeon R7 240 iCooler,Radeon R7 240,2,30
INNO3D GeForce GT 1030 0dB,GeForce GT 1030,2,30
INNO3D GeForce GTX 1050 Compact Single Slot,GeForce GTX 1050,2,75
INNO3D GeForce GTX 1050 Compact X1,GeForce GTX 1050,2,75
INNO3D GeForce GTX 1050 Ti Compact Single Slot,GeForce GTX 1050 Ti,4,75
INNO3D GeForce GTX 1050 Ti Compact X1,GeForce GTX 1050 Ti,4,75
INNO3D GeForce GTX 1050 Ti Twin X2,GeForce GTX 1050 Ti,4,75
INNO3D GeForce GTX 1060 Gaming OC X2,GeForce GTX 1060 (6GB),6,120
INNO3D GeForce GTX 1060 iChill Black Edition,GeForce GTX 1060 (6GB),6,120
INNO3D GeForce GTX 1060 iChill X3,GeForce GTX 1060 (3GB),3,120
INNO3D GeForce GTX 1060 iChill X3,GeForce GTX 1060 (6GB),6,120
INNO3D GeForce GTX 1060 iChill X3 OC 9 Gbps,GeForce GTX 1060 (6GB),6,120
INNO3D GeForce GTX 1060 iChill X3 V2,GeForce GTX 1060 (6GB),6,120
INNO3D GeForce GTX 1060 Twin X2,GeForce GTX 1060 (6GB),6,120
INNO3D GeForce GTX 1060 Twin X2,GeForce GTX 1060 (3GB),3,120
INNO3D GeForce GTX 1070 Gaming OC,GeForce GTX 1070,8,150
INNO3D GeForce GTX 1070 iChill X3,GeForce GTX 1070,8,150
INNO3D GeForce GTX 1070 iChill X4,GeForce GTX 1070,8,150
INNO3D GeForce GTX 1070 Ti iChill X3,GeForce GTX 1070 Ti,8,180
INNO3D GeForce GTX 1070 Ti iChill X4,GeForce GTX 1070 Ti,8,180
INNO3D GeForce GTX 1070 Ti Jet-Fan,GeForce GTX 1070 Ti,8,180
INNO3D GeForce GTX 1070 Ti Twin X2,GeForce GTX 1070 Ti,8,180
INNO3D GeForce GTX 1070 Twin X2,GeForce GTX 1070,8,150
INNO3D GeForce GTX 1080 Founders Edition,GeForce GTX 1080,8,180
INNO3D GeForce GTX 1080 Gaming OC,GeForce GTX 1080,8,180
INNO3D GeForce GTX 1080 iChill Black Edition,GeForce GTX 1080,8,180
INNO3D GeForce GTX 1080 iChill X3,GeForce GTX 1080,8,180
INNO3D GeForce GTX 1080 iChill X3 11 Gbps,GeForce GTX 1080,8,180
INNO3D GeForce GTX 1080 iChill X4,GeForce GTX 1080,8,180
INNO3D GeForce GTX 1080 iChill X4 11 Gbps,GeForce GTX 1080,8,180
INNO3D GeForce GTX 1080 Ti Founders Edition,GeForce GTX 1080 Ti,11,250
INNO3D GeForce GTX 1080 Ti Gaming OC,GeForce GTX 1080 Ti,11,250
INNO3D GeForce GTX 1080 Ti iChill Black Edition,GeForce GTX 1080 Ti,11,250
INNO3D GeForce GTX 1080 Ti iChill X3,GeForce GTX 1080 Ti,11,250
INNO3D GeForce GTX 1080 Ti iChill X3 Ultra,GeForce GTX 1080 Ti,11,250
INNO3D GeForce GTX 1080 Ti iChill X4,GeForce GTX 1080 Ti,11,250
INNO3D GeForce GTX 1080 Ti iChill X4 Ultra,GeForce GTX 1080 Ti,11,250
INNO3D GeForce GTX 1080 Ti Twin X2,GeForce GTX 1080 Ti,11,250
INNO3D GeForce GTX 1650 Compact,GeForce GTX 1650 (4GB),4,75
INNO3D GeForce GTX 1650 Super Compact X,GeForce GTX 1650 Super,4,100
INNO3D GeForce GTX 1650 Super Twin X2 OC,GeForce GTX 1650 Super,4,100
INNO3D GeForce GTX 1650 Twin X2 OC,GeForce GTX 1650 (4GB),4,75
INNO3D GeForce GTX 1660 Super Compact,GeForce GTX 1660 Super,6,120
INNO3D GeForce GTX 1660 Super Twin X2,GeForce GTX 1660 (6GB),6,125
INNO3D GeForce GTX 1660 Ti Twin X2,GeForce GTX 1660 Ti (6GB),6,120
INNO3D GeForce GTX 1660 Twin X2 LHR,GeForce GTX 1660 (6GB),6,120
INNO3D GeForce RTX 2060 Super Compact X,GeForce RTX 2060 Super,8,175
INNO3D GeForce RTX 2060 Super iChill X3 Ultra,GeForce RTX 2060 Super,8,185
INNO3D GeForce RTX 2060 Super Twin X2 OC,GeForce RTX 2060 Super,8,175
INNO3D GeForce RTX 2060 Twin X2,GeForce RTX 2060 (6GB),6,160
INNO3D GeForce RTX 2070 Super iChill Black,GeForce RTX 2070 Super,8,255
INNO3D GeForce RTX 2070 Super iChill Frostbite,GeForce RTX 2070 Super,8,260
INNO3D GeForce RTX 2070 Super iChill X3 Ultra,GeForce RTX 2070 Super,8,255
INNO3D GeForce RTX 2070 Super Jet,GeForce RTX 2070 Super,8,215
INNO3D GeForce RTX 2070 Super Twin X2 OC,GeForce RTX 2070 Super,8,215
INNO3D GeForce RTX 2070 Twin X2,GeForce RTX 2070,8,210
INNO3D GeForce RTX 2070 X2 OC,GeForce RTX 2070,8,220
INNO3D GeForce RTX 2080 Super iChill Black Edition,GeForce RTX 2080 Super,8,250
INNO3D GeForce RTX 2080 Super iChill Frostbite,GeForce RTX 2080 Super,8,250
INNO3D GeForce RTX 2080 Super iChill X3 Ultra,GeForce RTX 2080 Super,8,250
INNO3D GeForce RTX 2080 Ti Gaming OC X,GeForce RTX 2080 Ti,11,250
INNO3D GeForce RTX 2080 Ti iChill Black Edition,GeForce RTX 2080 Ti,11,335
INNO3D GeForce RTX 2080 Ti iChill Frostbite,GeForce RTX 2080 Ti,11,285
INNO3D GeForce RTX 2080 Ti Jet,GeForce RTX 2080 Ti,11,250
INNO3D GeForce RTX 2080 Ti Twin X,GeForce RTX 2080 Ti,11,285
INNO3D GeForce RTX 2080 Ti X2 OC,GeForce RTX 2080 Ti,11,
INNO3D GeForce RTX 2080 X2 OC,GeForce RTX 2080,8,225
INNO3D GeForce RTX 3050 Twin X2,GeForce RTX 3050 (6GB),6,70
INNO3D GeForce RTX 3080 iChill Black LHR,GeForce RTX 3080,10,340
INNO3D GeForce RTX 3080 iChill X4 LHR,GeForce RTX 3080 (12GB),12,350
"INNO3D GeForce RTX 5090 iChill Frostbite, 32768 MB GDDR7",GeForce RTX 5090 (32GB),32,650
KFA2 GeForce GTX 1050 Ti OC,GeForce GTX 1050 Ti,4,75
KFA2 GeForce GTX 1060 EXOC,GeForce GTX 1060 (6GB),6,120
KFA2 GeForce GTX 1060 OC,GeForce GTX 1060 (6GB),6,120
KFA2 GeForce GTX 1060 OC,GeForce GTX 1060 (3GB),3,120
KFA2 GeForce GTX 1070 EXOC Sniper Black,GeForce GTX 1070,8,150
KFA2 GeForce GTX 1070 Hall of Fame Edition,GeForce GTX 1070,8,150
KFA2 GeForce GTX 1070 Katana Single Slot,GeForce GTX 1070,8,150
KFA2 GeForce GTX 1070 OC Mini,GeForce GTX 1070,8,150
KFA2 GeForce GTX 1080 EXOC,GeForce GTX 1080,8,180
KFA2 GeForce GTX 1080 Hall of Fame Edition,GeForce GTX 1080,8,180
KFA2 GeForce GTX 1080 Ti,GeForce GTX 1080 Ti,11,250
KFA2 GeForce GTX 1080 Ti EXOC,GeForce GTX 1080 Ti,11,250
KFA2 GeForce GTX 1080 Ti Hall Of Fame,GeForce GTX 1080 Ti,11,250
MSI GeForce GT 1030 2GH LP OC,GeForce GT 1030,2,30
MSI GeForce GT 1030 2GHD4 LP OC,GeForce GT 1030,2,30
MSI GeForce GT 1030 Aero ITX 2GD4 OC,GeForce GT 1030,2,30
MSI GeForce GT 710 LP Passiv,GeForce GT 710,2,19
MSI GeForce GTX 1050 2G OC,GeForce GTX 1050,2,75
MSI GeForce GTX 1050 2GT LP,GeForce GTX 1050,2,75
MSI GeForce GTX 1050 2GT OC,GeForce GTX 1050,2,75
MSI GeForce GTX 1050 Gaming X 2G,GeForce GTX 1050,2,75
MSI GeForce GTX 1050 Ti 4G OC,GeForce GTX 1050 Ti,4,75
MSI GeForce GTX 1050 Ti 4GT LP,GeForce GTX 1050 Ti,4,75
MSI GeForce GTX 1050 Ti 4GT OC,GeForce GTX 1050 Ti,4,75
MSI GeForce GTX 1050 Ti Gaming 4G,GeForce GTX 1050 Ti,4,75
MSI GeForce GTX 1050 Ti Gaming X 4G,GeForce GTX 1050 Ti,4,75
MSI GeForce GTX 1060 6GT OCV1,GeForce GTX 1060 (6GB),6,120
MSI GeForce GTX 1060 Aero ITX 3G OC,GeForce GTX 1060 (3GB),3,120
MSI GeForce GTX 1060 Aero ITX 6G OC,GeForce GTX 1060 (6GB),6,120
MSI GeForce GTX 1060 Armor 3G OCV1,GeForce GTX 1060 (3GB),3,120
MSI GeForce GTX 1060 Armor 6G OCV1,GeForce GTX 1060 (6GB),6,120
MSI GeForce GTX 1060 Gaming 6G,GeForce GTX 1060 (6GB),6,120
MSI GeForce GTX 1060 Gaming X 3G,GeForce GTX 1060 (3GB),3,120
MSI GeForce GTX 1060 Gaming X 6G,GeForce GTX 1060 (6GB),6,120
MSI GeForce GTX 1060 Gaming X+ 6G 9 Gbps,GeForce GTX 1060 (6GB),6,120
MSI GeForce GTX 1070 Aero ITX 8G OC,GeForce GTX 1070,8,150
MSI GeForce GTX 1070 Armor 8G OC,GeForce GTX 1070,8,150
MSI GeForce GTX 1070 Gaming 8G,GeForce GTX 1070,8,150
MSI GeForce GTX 1070 Gaming X 8G,GeForce GTX 1070,8,150
MSI GeForce GTX 1070 Gaming Z 8G,GeForce GTX 1070,8,150
MSI GeForce GTX 1070 Quick Silver 8G OC,GeForce GTX 1070,8,150
MSI GeForce GTX 1070 Sea Hawk X,GeForce GTX 1070,8,150
MSI GeForce GTX 1070 Ti Aero 8G,GeForce GTX 1070 Ti,8,180
MSI GeForce GTX 1070 Ti Armor 8G,GeForce GTX 1070 Ti,8,180
MSI GeForce GTX 1070 Ti Gaming 8G,GeForce GTX 1070 Ti,8,180
MSI GeForce GTX 1080 Aero 8G OC,GeForce GTX 1080,8,180
MSI GeForce GTX 1080 Armor 8G OC,GeForce GTX 1080,8,180
MSI GeForce GTX 1080 Founders Edition,GeForce GTX 1080,8,180
MSI GeForce GTX 1080 Gaming X 8G,GeForce GTX 1080,8,180
MSI GeForce GTX 1080 Gaming X+ 8G 11 Gbps,GeForce GTX 1080,8,180
MSI GeForce GTX 1080 Gaming Z 8G,GeForce GTX 1080,8,180
MSI GeForce GTX 1080 Sea Hawk X,GeForce GTX 1080,8,180
MSI GeForce GTX 1080 Ti Aero 11G OC,GeForce GTX 1080 Ti,11,250
MSI GeForce GTX 1080 Ti Armor 11G OC,GeForce GTX 1080 Ti,11,250
MSI GeForce GTX 1080 Ti Founders Edition,GeForce GTX 1080 Ti,11,250
MSI GeForce GTX 1080 Ti Gaming X 11G,GeForce GTX 1080 Ti,11,250
MSI GeForce GTX 1080 Ti Gaming X Trio,GeForce GTX 1080 Ti,11,250
MSI GeForce GTX 1080 Ti Sea Hawk EK X,GeForce GTX 1080 Ti,11,250
MSI GeForce GTX 1080 Ti Sea Hawk X,GeForce GTX 1080 Ti,11,250
MSI GeForce GTX 1650 Aero ITX 4G OC,GeForce GTX 1650 (4GB),4,75
MSI GeForce GTX 1650 Aero ITX OCV1,GeForce GTX 1650 (4GB),4,75
MSI GeForce GTX 1650 Gaming X,GeForce GTX 1650 (4GB),4,75
"MSI GeForce GTX 1650 Gaming X 4G, 4096 MB GDDR5",GeForce GTX 1650 (4GB),4,75
MSI GeForce GTX 1650 Super Gaming X,GeForce GTX 1650 Super,4,100
MSI GeForce GTX 1650 Ventus XS 4G OC,GeForce GTX 1650 (4GB),4,75
MSI GeForce GTX 1650 Ventus XS OCV1,GeForce GTX 1650 (4GB),4,75
MSI GeForce GTX 1660 Gaming X,GeForce GTX 1660 (6GB),6,130
MSI GeForce GTX 1660 Super Aero ITX OC,GeForce GTX 1660 Super,6,125
MSI GeForce GTX 1660 Super Gaming X,GeForce GTX 1660 Super,6,125
MSI GeForce GTX 1660 Super Ventus XS OC,GeForce GTX 1660 Super,6,125
MSI GeForce GTX 1660 Ti Armor 6G OC,GeForce GTX 1660 Ti (6GB),6,130
MSI GeForce GTX 1660 Ti Gaming X 6G,GeForce GTX 1660 Ti (6GB),6,130
MSI GeForce GTX 1660 Ti Ventus XS 6G,GeForce GTX 1660 Ti (6GB),6,120
MSI GeForce GTX 750 Ti 2GD5TLP,GeForce GTX 750 Ti,2,60
MSI Geforce RTX 2060 Super Gaming X,GeForce RTX 2060 Super,8,175
MSI GeForce RTX 2060 Ventus GP 6G OC,GeForce RTX 2060 (6GB),6,160
MSI GeForce RTX 2070 Aero 8G,GeForce RTX 2070,8,175
MSI GeForce RTX 2070 Armor 8G,GeForce RTX 2070,8,175
MSI GeForce RTX 2070 Armor 8G OC,GeForce RTX 2070,8,185
MSI GeForce RTX 2070 Gaming Z 8G,GeForce RTX 2070,8,225
MSI Geforce RTX 2070 Super Gaming X Trio,GeForce RTX 2070 Super,8,215
MSI GeForce RTX 2080 Duke 8G OC,GeForce RTX 2080,8,225
MSI GeForce RTX 2080 Gaming X Trio,GeForce RTX 2080,8,225
MSI Geforce RTX 2080 Super Gaming X Trio,GeForce RTX 2080 Super,8,250
MSI GeForce RTX 2080 Ti Duke 11G OC,GeForce RTX 2080 Ti,11,260
MSI GeForce RTX 2080 Ti Gaming X Trio,GeForce RTX 2080 Ti,11,250
MSI GeForce RTX 2080 Ti Gaming Z Trio,GeForce RTX 2080 Ti,11,300
MSI GeForce RTX 3050 Low Profile OC,GeForce RTX 3050 (6GB),6,70
MSI GeForce RTX 3050 Ventus 2X 6G OC,GeForce RTX 3050 (6GB),6,70
MSI GeForce RTX 3060 Aero ITX 12G OC,GeForce RTX 3060,12,170
MSI GeForce RTX 3080 Gaming Z Trio 12GB LHR,GeForce RTX 3080 (12GB),12,390
MSI GeForce RTX 3080 Suprim X 12G LHR,GeForce RTX 3080 (12GB),12,390
MSI GeForce RTX 3080 Ventus 3X Plus 12G OC LHR,GeForce RTX 3080 (12GB),12,390
MSI GT 710 Low Profile,GeForce GT 710,2,10
MSI GTX 950 OC,GeForce GTX 950,2,90
MSI R9 280X Gaming,Radeon R9 280X,3,250
MSI R9 380 Gaming,Radeon R9 380,4,190
MSI Radeon RX 460 2G OC,Radeon RX 460 (2GB),2,75
MSI Radeon RX 460 4G OC,Radeon RX 460 (4GB),4,84
MSI Radeon RX 550 Aero ITX 2G OC,Radeon RX 550,2,50
MSI Radeon RX 5500 XT Gaming X,Radeon RX 5500 XT (8GB),8,140
MSI Radeon RX 560 Aero ITX 4G OC,Radeon RX 560,4,90
MSI Radeon RX 5600 XT Gaming X,Radeon RX 5600 XT (6GB),6,150
MSI Radeon RX 5600 XT Mech OC,Radeon RX 5600 XT (6GB),6,150
MSI Radeon RX 570 Armor 4G OC,Radeon RX 570 (4GB),4,120
MSI Radeon RX 570 Gaming X 4G,Radeon RX 570 (4GB),4,120
MSI Radeon RX 5700,Radeon RX 5700,8,180
MSI Radeon RX 5700 XT,Radeon RX 5700 XT,8,225
MSI Radeon RX 5700 XT Gaming X,Radeon RX 5700 XT,8,225
MSI Radeon RX 580 Armor 4G OC,Radeon RX 580 (4GB),4,185
MSI Radeon RX 580 Armor 8G OC,Radeon RX 580 (8GB),8,150
MSI Radeon RX 580 Gaming X 4G,Radeon RX 580 (4GB),4,185
MSI Radeon RX 580 Gaming X 8G,Radeon RX 580 (8GB),8,185
MSI Radeon RX 580 Gaming X+ 8G,Radeon RX 580 (8GB),8,185
MSI Radeon RX 6400 Aero ITX,Radeon RX 6400,4,53
MSI Radeon RX Vega 64 8G,Radeon RX Vega 64,8,300
MSI Radeon RX Vega 64 Wave 8G,Radeon RX Vega 64,8,300
MSI Radeon VII 16G,Radeon VII,16,300
Palit GeForce GTX 1050 StormX,GeForce GTX 1050,2,75
Palit GeForce GTX 1050 Ti KalmX,GeForce GTX 1050 Ti,4,75
Palit GeForce GTX 1050 Ti StormX,GeForce GTX 1050 Ti,4,75
Palit GeForce GTX 1060 Dual,GeForce GTX 1060 (6GB),6,120
Palit GeForce GTX 1060 Dual,GeForce GTX 1060 (3GB),3,120
Palit GeForce GTX 1060 JetStream,GeForce GTX 1060 (6GB),6,120
Palit GeForce GTX 1060 StormX,GeForce GTX 1060 (6GB),6,120
Palit GeForce GTX 1060 Super JetStream,GeForce GTX 1060 (6GB),6,120
Palit GeForce GTX 1060 Super JetStream,GeForce GTX 1060 (3GB),3,120
Palit GeForce GTX 1070 Dual,GeForce GTX 1070,8,150
Palit GeForce GTX 1070 GameRock,GeForce GTX 1070,8,150
Palit GeForce GTX 1070 GameRock Premium Edition,GeForce GTX 1070,8,150
Palit GeForce GTX 1070 JetStream,GeForce GTX 1070,8,150
Palit GeForce GTX 1070 Super JetStream,GeForce GTX 1070,8,150
Palit GeForce GTX 1080 GameRock,GeForce GTX 1080,8,180
Palit GeForce GTX 1080 GameRock Premium Edition,GeForce GTX 1080,8,180
Palit GeForce GTX 1080 JetStream,GeForce GTX 1080,8,180
Palit GeForce GTX 1080 Super JetStream,GeForce GTX 1080,8,180
Palit GeForce GTX 1080 Ti Founders Edition,GeForce GTX 1080 Ti,11,250
Palit GeForce GTX 1080 Ti GameRock,GeForce GTX 1080 Ti,11,250
Palit GeForce GTX 1080 Ti GameRock Premium Edition,GeForce GTX 1080 Ti,11,250
Palit GeForce GTX 1080 Ti JetStream,GeForce GTX 1080 Ti,11,250
Palit GeForce GTX 1080 Ti Super JetStream,GeForce GTX 1080 Ti,11,250
Palit GeForce GTX 1660 Ti StormX 6G,GeForce GTX 1660 Ti (6GB),6,120
Palit GeForce GTX 1660 Ti StormX OC 6G,GeForce GTX 1660 Ti (6GB),6,120
Palit GeForce GTX 750 Ti KalmX,GeForce GTX 750 Ti,2,60
Palit GeForce RTX 2070 Gaming Pro OC,GeForce RTX 2070,8,220
Palit GeForce RTX 2080 Gaming Pro,GeForce RTX 2080,8,225
Palit GeForce RTX 2080 Gaming Pro OC,GeForce RTX 2080,8,225
Palit GeForce RTX 2080 Ti Gaming Pro,GeForce RTX 2080 Ti,11,260
Palit GeForce RTX 2080 Ti Gaming Pro OC,GeForce RTX 2080 Ti,11,260
PNY GeForce GT 1030,GeForce GT 1030,2,30
PNY GeForce GTX 1050 Ti XLR8 Gaming OC,GeForce GTX 1050 Ti,4,75
PNY GeForce GTX 1050 Ti XLR8 OC Gaming,GeForce GTX 1050 Ti,4,75
PNY GeForce GTX 1060 XLR8 Gaming OC,GeForce GTX 1060 (6GB),6,120
PNY GeForce GTX 1070 XLR8 OC Gaming,GeForce GTX 1070,8,150
PNY GeForce GTX 1070 XLR8 OC Gaming Dual Fan,GeForce GTX 1070,8,150
PNY GeForce GTX 1080 Ti Custom Design,GeForce GTX 1080 Ti,11,250
PNY GeForce GTX 1080 Ti Founders Edition,GeForce GTX 1080 Ti,11,250
PNY GeForce GTX 1080 Ti XLR8 OC Gaming,GeForce GTX 1080 Ti,11,250
PNY GeForce GTX 1080 XLR8 OC Gaming,GeForce GTX 1080,8,180
PNY GeForce GTX 1660 Ti XLR8 Gaming OC,GeForce GTX 1660 Ti (6GB),6,120
PNY GeForce RTX 2060 SUPER XRL8 OC Twin Fan,GeForce RTX 2060 Super,8,175
PNY GeForce RTX 2070 XLR8 Gaming OC,GeForce RTX 2070,8,185
PNY GeForce RTX 2080 Ti Blower,GeForce RTX 2080 Ti,11,260
PNY GeForce RTX 2080 Ti XLR8 Gaming OC,GeForce RTX 2080 Ti,11,260
PNY GeForce RTX 2080 XLR8 Gaming OC Triple Fan,GeForce RTX 2080,8,225
PNY GeForce RTX 2080 XLR8 Gaming OC Twin Fan,GeForce RTX 2080,8,225
PowerColor R9 Fury X,Radeon R9 Fury X,4,275
PowerColor Radeon RX 460 Red Dragon,Radeon RX 460 (4GB),4,75
PowerColor Radeon RX 460 Red Dragon,Radeon RX 460 (2GB),2,75
PowerColor Radeon RX 570 Red Devil,Radeon RX 570 (4GB),4,120
PowerColor Radeon RX 570 Red Dragon,Radeon RX 570 (4GB),4,120
PowerColor Radeon RX 5700 XT,Radeon RX 5700 XT,8,225
PowerColor Radeon RX 580 Red Devil,Radeon RX 580 (8GB),8,185
PowerColor Radeon RX 580 Red Devil Golden Sample,Radeon RX 580 (8GB),8,185
PowerColor Radeon RX 580 Red Dragon,Radeon RX 580 (8GB),8,185
PowerColor Radeon RX 580 Red Dragon V2,Radeon RX 580 (8GB),8,185
PowerColor Radeon RX Vega 64,Radeon RX Vega 64,8,300
PowerColor Radeon RX Vega 64 Limited Edition,Radeon RX Vega 64,8,300
PowerColor Radeon RX Vega 64 Liquid,Radeon RX Vega 64,8,300
PowerColor Radeon RX Vega 64 Red Devil,Radeon RX Vega 64,8,300
PowerColor Radeon VII,Radeon VII,16,300
Sapphire HD 5850 Toxic,Radeon HD 5850,1,170
Sapphire HD 6870 Toxic,Radeon HD 6870,1,151
Sapphire HD 7770 GHz Edition,Radeon HD 7770,1,80
Sapphire HD 7870 GHDual-X OC,Radeon HD 7870,2,175
Sapphire Nitro+ Radeon RX 5500 XT 8GB Special Edition,Radeon RX 5500 XT (8GB),8,140
Sapphire Nitro+ Radeon RX 570 4G,Radeon RX 570 (4GB),4,120
Sapphire Nitro+ Radeon RX 570 8G,Radeon RX 570 (8GB),8,120
Sapphire Nitro+ Radeon RX 5700 XT,Radeon RX 5700 XT,8,225
Sapphire Nitro+ Radeon RX 5700 XT 8G Special Edition,Radeon RX 5700 XT,8,225
Sapphire Nitro+ Radeon RX 5700 XT BE,Radeon RX 5700 XT,8,250
Sapphire Nitro+ Radeon RX 580 4G,Radeon RX 580 (4GB),4,185
Sapphire Nitro+ Radeon RX 580 8G,Radeon RX 580 (8GB),8,185
Sapphire Nitro+ Radeon RX 580 8G Limited Edition,Radeon RX 580 (8GB),8,185
Sapphire Nitro+ Radeon RX 580 8G Special Edition,Radeon RX 580 (8GB),8,185
Sapphire Nitro+ Radeon RX 590 8G 50th Anniversary,Radeon RX 590,8,235
Sapphire Nitro+ Radeon RX 590 8G G,Radeon RX 590,8,175
Sapphire Nitro+ Radeon RX 590 8G OC,Radeon RX 590,8,250
Sapphire Nitro+ Radeon RX 590 8G Special Edition,Radeon RX 590,8,175
Sapphire Nitro+ Radeon RX Vega 56,Radeon RX Vega 56,8,250
Sapphire Nitro+ Radeon RX Vega 64,Radeon RX Vega 64,8,300
Sapphire Pulse Radeon RX 550 2G,Radeon RX 550,2,50
Sapphire Pulse Radeon RX 550 4G,Radeon RX 550,4,50
Sapphire Pulse Radeon RX 5500 XT,Radeon RX 5500 XT (4GB),4,140
Sapphire Pulse Radeon RX 5500 XT,Radeon RX 5500 XT (8GB),8,140
Sapphire Pulse Radeon RX 560 14CU 2G,Radeon RX 560,2,75
Sapphire Pulse Radeon RX 560 16CU 2G,Radeon RX 560,2,90
Sapphire Pulse Radeon RX 560 16CU 4G,Radeon RX 560,4,90
Sapphire Pulse Radeon RX 5600 XT,Radeon RX 5600 XT (6GB),6,150
Sapphire Pulse Radeon RX 570 4G,Radeon RX 570 (4GB),4,120
Sapphire Pulse Radeon RX 570 Mini 4G,Radeon RX 570 (4GB),4,120
Sapphire Pulse Radeon RX 5700,Radeon RX 5700,8,180
Sapphire Pulse Radeon RX 5700 XT,Radeon RX 5700 XT,8,225
Sapphire Pulse Radeon RX 5700 XT BE,Radeon RX 5700 XT,8,241
Sapphire Pulse Radeon RX 580 4G,Radeon RX 580 (4GB),4,185
Sapphire Pulse Radeon RX 580 8G,Radeon RX 580 (8GB),8,185
Sapphire Pulse Radeon RX 6400 Gaming,Radeon RX 6400,4,55
Sapphire Pulse Radeon RX 9070 Gaming OC,Radeon RX 9070,16,
Sapphire Pulse Radeon RX Vega 56,Radeon RX Vega 56,8,250
Sapphire R7 260X,Radeon R7 260X,2,116
Sapphire R7 370 Nitro,Radeon R7 370,4,150
Sapphire R9 290,Radeon R9 290,4,300
Sapphire R9 290X Tri-X OC,Radeon R9 290X,4,300
Sapphire R9 Fury Nitro,Radeon R9 Fury,4,275
Sapphire R9 Nano,Radeon R9 Nano,4,175
Sapphire R9 Nitro 390,Radeon R9 390,8,375
Sapphire Radeon HD 5770 Eyefinity,Radeon HD 5770,1,108
Sapphire Radeon HD 5870 Toxic,Radeon HD 5870,2,188
Sapphire Radeon HD 5970,Radeon HD 5970,2,294
Sapphire Radeon HD 6850,Radeon HD 6850,1,151
Sapphire Radeon HD 6950,Radeon HD 6950,2,200
Sapphire Radeon HD 6970 Dual Fan,Radeon HD 6970,2,250
Sapphire Radeon HD 6990,Radeon HD 6990,2,375
Sapphire Radeon RX 460 2G,Radeon RX 460 (2GB),2,75
Sapphire Radeon RX 460 Nitro 4G,Radeon RX 460 (4GB),4,75
Sapphire Radeon RX 5700,Radeon RX 5700,8,180
Sapphire Radeon RX 5700 XT,Radeon RX 5700 XT,8,225
Sapphire Radeon RX Vega 56,Radeon RX Vega 56,8,250
Sapphire Radeon RX Vega 64,Radeon RX Vega 64,8,300
Sapphire Radeon RX Vega 64 Liquid Cooling,Radeon RX Vega 64,8,300
Sapphire Radeon VII,Radeon VII,16,300
Sapphire Toxic Radeon RX 6900 XT AIO Cooled,Radeon RX 6900 XT,16,
Sparkle GTX 460,GeForce GTX 460,0.7,150
XFX Double D HD 7850,Radeon HD 7850,2,130
XFX HD 7750,Radeon HD 7750,1,55
XFX HD 7790 OC,Radeon HD 7790,1,85
XFX Radeon RX 460 Dual Fan,Radeon RX 460 (4GB),4,75
XFX Radeon RX 460 Dual Fan,Radeon RX 460 (2GB),2,75
XFX Radeon RX 460 Passive Heatsink Edition,Radeon RX 460 (2GB),2,75
XFX Radeon RX 460 Passive Heatsink Edition,Radeon RX 460 (4GB),4,75
XFX Radeon RX 460 Single Fan,Radeon RX 460 (2GB),2,75
XFX Radeon RX 460 Single Fan,Radeon RX 460 (4GB),4,75
XFX Radeon RX 460 Single Slot,Radeon RX 460 (2GB),2,75
XFX Radeon RX 460 Single Slot,Radeon RX 460 (4GB),4,75
XFX Radeon RX 550 Single Fan,Radeon RX 550,2,65
XFX Radeon RX 550 Single Fan,Radeon RX 550,4,65
XFX Radeon RX 570 RS Core Edition,Radeon RX 570 (4GB),4,120
XFX Radeon RX 580 GTR-S Black Edition,Radeon RX 580 (8GB),8,185
XFX Radeon RX 580 GTS Black Edition,Radeon RX 580 (8GB),8,185
XFX Radeon RX 580 GTS Core Edition,Radeon RX 580 (8GB),8,185
XFX Radeon RX 580 GTS Core Edition,Radeon RX 580 (4GB),4,185
"ZOTAC GAMING GeForce GTX 1650 OC, 4096 MB GDDR5",GeForce GTX 1650 (4GB),4,75
ZOTAC GAMING GeForce GTX 1650 Super Twin Fan,GeForce GTX 1650 Super,4,100
ZOTAC GAMING GeForce GTX 1660 AMP! Edition,GeForce GTX 1660 (6GB),6,130
ZOTAC GAMING GeForce GTX 1660 Super AMP! Edition,GeForce GTX 1660 Super,6,125
ZOTAC GAMING GeForce GTX 1660 Super Twin Fan,GeForce GTX 1660 Super,6,125
ZOTAC GAMING GeForce GTX 1660 Ti,GeForce GTX 1660 Ti (6GB),6,120
ZOTAC GAMING GeForce GTX 1660 Ti AMP!,GeForce GTX 1660 Ti (6GB),6,130
ZOTAC GAMING GeForce GTX 1660 Twin Fan,GeForce GTX 1660 (6GB),6,120
ZOTAC GAMING GeForce RTX 2060,GeForce RTX 2060 (6GB),6,160
ZOTAC GAMING GeForce RTX 2060 AMP! Edition,GeForce RTX 2060 (6GB),6,170
ZOTAC GAMING GeForce RTX 2060 Super AMP! Edition,GeForce RTX 2060 Super,8,175
ZOTAC GAMING GeForce RTX 2060 Super AMP! Extreme Edition,GeForce RTX 2060 Super,8,175
ZOTAC GAMING GeForce RTX 2060 Super Mini Edition,GeForce RTX 2060 Super,8,175
ZOTAC GAMING GeForce RTX 2060 Twin Fan,GeForce RTX 2060 (6GB),6,160
ZOTAC GAMING GeForce RTX 2070 AMP! Edition,GeForce RTX 2070,8,225
ZOTAC GAMING GeForce RTX 2070 Super AMP! Edition,GeForce RTX 2070 Super,8,215
ZOTAC GAMING GeForce RTX 2070 Super AMP! Extreme Edition,GeForce RTX 2070 Super,8,215
ZOTAC GAMING GeForce RTX 2070 Super Edition,GeForce RTX 2070 Super,8,215
ZOTAC GAMING GeForce RTX 2070 Super Mini Edition,GeForce RTX 2070 Super,8,215
ZOTAC GAMING GeForce RTX 2080 AMP! Edition,GeForce RTX 2080,8,225
ZOTAC GAMING GeForce RTX 2080 Blower,GeForce RTX 2080,8,225
ZOTAC GAMING GeForce RTX 2080 Super AMP,GeForce RTX 2080 Super,8,250
ZOTAC GAMING GeForce RTX 2080 Super AMP Extreme,GeForce RTX 2080 Super,8,250
ZOTAC GAMING GeForce RTX 2080 Super Triple Fan,GeForce RTX 2080 Super,8,250
ZOTAC GAMING GeForce RTX 2080 Super Twin Fan,GeForce RTX 2080 Super,8,250
ZOTAC GAMING GeForce RTX 2080 Ti AMP! Edition,GeForce RTX 2080 Ti,11,285
ZOTAC GAMING GeForce RTX 2080 Ti Arctic Storm. 11264 MB GDDR6,GeForce RTX 2080 Ti,11,300
ZOTAC GAMING GeForce RTX 2080 Ti Blower,GeForce RTX 2080 Ti,11,250
ZOTAC GAMING GeForce RTX 2080 Ti Triple Fan,GeForce RTX 2080 Ti,11,260
ZOTAC GAMING GeForce RTX 2080 Ti Twin Fan,GeForce RTX 2080 Ti,11,285
ZOTAC GAMING GeForce RTX 3080 AMP Holo LHR,GeForce RTX 3080 (12GB),12,350
ZOTAC GAMING GeForce RTX 3080 AMP! Extreme Holo LHR,GeForce RTX 3080 (12GB),12,390
ZOTAC GAMING GeForce RTX 3080 Trinity LHR,GeForce RTX 3080 (12GB),12,350
ZOTAC GAMING GeForce RTX 3080 Trinity OC LHR,GeForce RTX 3080 (12GB),12,350
ZOTAC GAMING GeForce RTX 4060 Ti AMP SPIDER-MAN™ Across the Spider-Verse,GeForce RTX 4060 Ti (16GB),16,165
"ZOTAC GAMING GeForce RTX 5060 Ti Twin Edge, 16384 MB GDDR7",GeForce RTX 5060 Ti (16GB),16,
ZOTAC GAMING GeForce RTX 5070 Ti Solid Core,GeForce RTX 5070 Ti (16GB),16,300
ZOTAC GAMING GeForce RTX 5090 SOLID,GeForce RTX 5090 (32GB),32,650
ZOTAC GeForce GT 1030,GeForce GT 1030,2,30
ZOTAC GeForce GTX 1050 Mini,GeForce GTX 1050,2,75
ZOTAC GeForce GTX 1050 Ti Mini,GeForce GTX 1050 Ti,4,75
ZOTAC GeForce GTX 1050 Ti OC,GeForce GTX 1050 Ti,4,75
ZOTAC GeForce GTX 1060 AMP! Edition,GeForce GTX 1060 (6GB),6,120
ZOTAC GeForce GTX 1060 AMP!+ 9 Gbps,GeForce GTX 1060 (6GB),6,120
ZOTAC GeForce GTX 1060 Mini,GeForce GTX 1060 (3GB),3,120
ZOTAC GeForce GTX 1060 Mini,GeForce GTX 1060 (6GB),6,120
ZOTAC GeForce GTX 1070 AMP! Extreme Edition,GeForce GTX 1070,8,150
ZOTAC GeForce GTX 1070 Founders Edition,GeForce GTX 1070,8,150
ZOTAC GeForce GTX 1070 Mini,GeForce GTX 1070,8,150
ZOTAC GeForce GTX 1070 Ti AMP! Edition,GeForce GTX 1070 Ti,8,180
ZOTAC GeForce GTX 1070 Ti AMP! Extreme Edition,GeForce GTX 1070 Ti,8,180
ZOTAC GeForce GTX 1070 Ti Mini,GeForce GTX 1070 Ti,8,180
ZOTAC GeForce GTX 1080 AMP! Extreme Edition,GeForce GTX 1080,8,180
ZOTAC GeForce GTX 1080 AMP! Extreme+ 11 Gbps,GeForce GTX 1080,8,180
ZOTAC GeForce GTX 1080 Founders Edition,GeForce GTX 1080,8,180
ZOTAC GeForce GTX 1080 Mini,GeForce GTX 1080,8,180
ZOTAC GeForce GTX 1080 Ti AMP! Edition,GeForce GTX 1080 Ti,11,250
ZOTAC GeForce GTX 1080 Ti AMP! Extreme Core,GeForce GTX 1080 Ti,11,250
ZOTAC GeForce GTX 1080 Ti AMP! Extreme Edition,GeForce GTX 1080 Ti,11,250
ZOTAC GeForce GTX 1080 Ti Arctic Storm,GeForce GTX 1080 Ti,11,250
ZOTAC GeForce GTX 1080 Ti Arctic Storm Mini,GeForce GTX 1080 Ti,11,250
ZOTAC GeForce GTX 1080 Ti Blower,GeForce GTX 1080 Ti,11,250
ZOTAC GeForce GTX 1080 Ti Founders Edition,GeForce GTX 1080 Ti,11,250
ZOTAC GeForce GTX 1080 Ti Mini,GeForce GTX 1080 Ti,11,250
