name,speed,size,stick
Corsair Vengeance LPX Series red DDR4-3200,DDR4-3200,16,2
ADATA Lancer DDR5-5200,DDR5-5200,16,1
ADATA Premier DDR5-4800,DDR5-4800,16,1
ADATA XPG Spectrix D80 red,DDR4-3200,32,2
ADATA XPG Spectrix D80 black,DDR4-3200,16,2
ADATA XPG Spectrix RGB D41 grey,DDR4-3200,16,2
ADATA XPG Spectrix RGB D41 grey,DDR4-3200,32,2
ADATA XPG Spectrix RGB D41 grey,DDR4-3600,16,2
ADATA XPG Spectrix RGB D41 red,DDR4-3600,16,2
ADATA XPG Spectrix RGB D41 red,DDR4-3200,16,2
ADATA XPG Spectrix RGB D60G grey,DDR4-3200,16,2
ADATA XPG Spectrix RGB D60G grey,DDR4-3600,16,2
"Avexir Blitz Series, weiße LED, DDR4-3600, CL17 - 16 GB Kit",DDR4-3600,16,2
"Avexir Core Series, blaue LED, DDR4-2400, CL16 - 16 GB Kit",DDR4-2400,16,2
"Avexir Core Series, blaue LED, DDR4-2400, CL16 - 8 GB",DDR4-2400,8,1
"Avexir Core Series, blaue LED, DDR4-2400, CL16 - 8 GB Kit",DDR4-2400,8,2
"Avexir Core Series, grüne LED, DDR4-2400, CL16 - 8 GB",DDR4-2400,8,1
"Avexir Core Series, rote LED, DDR4-2400, CL16 - 32 GB Kit",DDR4-2400,32,4
"Avexir Core Series, rote LED, DDR4-2400, CL16 - 8 GB",DDR4-2400,8,1
"Avexir Core Series, rote LED, DDR4-2400, CL16 - 8 GB Kit",DDR4-2400,8,2
"Avexir Core Series, weiße LED, DDR4-2400, CL16 - 8 GB",DDR4-2400,8,1
"Avexir Core Series, weiße LED, DDR4-2400, CL16 - 8 GB Kit",DDR4-2400,8,2
Ballistix Sport DDR3-1600 CL9,DDR3-1600,8,1
Ballistix Sport DDR3-1600 CL9,DDR3-1600,16,2
Ballistix Sport DDR4-2400 CL16,DDR4-2400,8,1
Ballistix Sport DDR4-2400 CL16,DDR4-2400,4,1
Ballistix Sport LT DDR4-2400 red CL16,DDR4-2400,32,1
Ballistix Tactical LP DDR3-1600 CL8   Low Profile,DDR3-1600,4,1
Corsair Dominator Platinum + AF,DDR4-3600,16,2
Corsair Dominator Platinum DDR4-2666 CL15,DDR4-2666,32,1
Corsair Dominator Platinum RGB Series,DDR4-3200,16,2
Corsair Dominator Platinum RGB Series,DDR4-3200,16,2
Corsair Dominator Platinum RGB Series,DDR4-3600,16,2
Corsair Dominator Platinum RGB Series,DDR4-3200,32,2
Corsair Dominator Platinum RGB Series,DDR4-3200,32,2
Corsair Dominator Platinum Series 16GB,DDR4-3466,16,2
Corsair Dominator Platinum Series 16GB,DDR4-3200,16,2
Corsair Dominator Platinum Series 32GB,DDR4-3200,32,2
Corsair Dominator Platinum Series DDR4-3200,DDR4-3200,16,2
Corsair LED 32GB,DDR4-3200,32,2
Corsair LPX 16GB,DDR4-2800,16,2
Corsair LPX 16GB,DDR4-3200,16,2
Corsair LPX 16GB,DDR4-2666,16,2
Corsair LPX 16GB,DDR4-3000,16,2
Corsair LPX 16GB,DDR4-2133,16,2
Corsair LPX 16GB,DDR4-3000,16,2
Corsair LPX 16GB,DDR4-2400,16,2
Corsair LPX 32GB,DDR4-2400,32,2
Corsair LPX 32GB,DDR4-2400,32,2
Corsair LPX 32GB,DDR4-3200,32,2
Corsair LPX 32GB,DDR4-3466,32,2
Corsair RGB 16GB,DDR4-3200,16,2
Corsair Value Select DDR3-1600 CL11,DDR3-1600,16,2
Corsair Value Select DDR4-2133  CL15,DDR4-2133,16,1
Corsair Value Select DDR4-2133  CL15  black,DDR4-2133,4,1
Corsair ValueSelect DDR3-1600 CL11,DDR3-1600,4,1
Corsair ValueSelect DDR3-1600 CL11,DDR3-1600,8,1
Corsair Vengeance DDR3-1866 CL10,DDR3-1866,32,4
Corsair Vengeance LED blue DDR4-3000  CL15,DDR4-3000,64,1
Corsair Vengeance LED blue DDR4-3200  CL16,DDR4-3200,16,2
Corsair Vengeance LED red DDR4-2666  CL16,DDR4-2666,32,1
Corsair Vengeance LED red DDR4-2666  CL16,DDR4-2666,32,4
Corsair Vengeance LED red DDR4-3000  CL15,DDR4-3000,64,1
Corsair Vengeance LED red DDR4-3200  CL16,DDR4-3200,16,2
Corsair Vengeance LED white DDR4-2666  CL16,DDR4-2666,32,1
Corsair Vengeance LED white DDR4-2666  CL16,DDR4-2666,32,4
Corsair Vengeance LED white DDR4-2666  CL16,DDR4-2666,64,1
Corsair Vengeance LED white DDR4-3000  CL15,DDR4-3000,64,1
Corsair Vengeance LED white DDR4-3200  CL16,DDR4-3200,16,2
Corsair Vengeance Low DDR3-1600 CL10  Low Profile,DDR3-1600,16,2
Corsair Vengeance Low DDR3-1600 CL9  Low Profile blue,DDR3-1600,8,2
Corsair Vengeance Low Profile Black DDR3-1600 CL9,DDR3-1600,8,2
Corsair Vengeance Low Profile DDR3-1600 CL109,DDR3-1600,16,2
Corsair Vengeance Low Profile DDR3-1600 CL9,DDR3-1600,16,2
Corsair Vengeance Low Profile DDR3-1600 CL9,DDR3-1600,16,4
Corsair Vengeance LPX Black DDR4-2133  CL13,DDR4-2133,16,4
Corsair Vengeance LPX Black DDR4-2133  CL13,DDR4-2133,64,8
Corsair Vengeance LPX Black DDR4-2133  CL15,DDR4-2133,32,4
Corsair Vengeance LPX Black DDR4-2666  CL16,DDR4-2666,128,1
Corsair Vengeance LPX blue DDR4-3000  CL15,DDR4-3000,16,4
Corsair Vengeance LPX Blue DDR4-2400  CL14,DDR4-2400,32,4
Corsair Vengeance LPX DDR4-2400 CL16,DDR4-2400,32,4
"Corsair Vengeance LPX red + AF, DDR4-3600, CL 18 - 16 GB Dual Kit",DDR4-3600,16,2
Corsair Vengeance LPX red DDR4-2400MHz CL14,DDR4-2400,4,1
Corsair Vengeance LPX red DDR4-2666 CL16,DDR4-2666,8,1
Corsair Vengeance LPX red DDR4-3000MHz CL15,DDR4-3000,8,2
Corsair Vengeance LPX black + AF,DDR4-3600,16,2
Corsair Vengeance LPX black DDR4-2400 CL16,DDR4-2400,16,4
Corsair Vengeance LPX black DDR4-2400MHz CL14,DDR4-2400,4,1
Corsair Vengeance LPX black DDR4-2666MHz CL16,DDR4-2666,8,1
Corsair Vengeance LPX black DDR4-2800  CL14,DDR4-2800,16,2
Corsair Vengeance LPX black DDR4-3333  CL16,DDR4-3333,16,2
"Corsair Vengeance LPX Series red DDR4-2666, CL15 - 16 GB Kit",DDR4-2666,16,4
"Corsair Vengeance LPX Series red DDR4-3466, CL16 - 16 GB Kit",DDR4-3466,16,2
"Corsair Vengeance LPX Series black DDR4-2400, CL14 - 32 GB Kit",DDR4-2400,32,4
"Corsair Vengeance LPX Series black DDR4-3000, CL15 - 8 GB Kit",DDR4-3000,8,2
Corsair Vengeance LPX Series black DDR4-3200,DDR4-3200,16,2
"Corsair Vengeance LPX Series black DDR4-3466, CL16 - 16 GB Kit",DDR4-3466,16,2
Corsair Vengeance LPX Series white,DDR4-3200,16,2
"Corsair Vengeance LPX Series white, DDR4-3200, CL 16 - 32 GB Dual-Kit",DDR4-3200,32,2
Corsair Vengeance RGB Pro Series black,DDR4-3200,16,2
Corsair Vengeance RGB Pro Series black,DDR4-3600,16,2
Corsair Vengeance RGB Pro Series black,DDR4-3600,32,2
Corsair Vengeance RGB Pro Series black,DDR4-3200,16,2
Corsair Vengeance RGB Pro Series black,DDR4-3466,16,2
Corsair Vengeance RGB Pro Series black,DDR4-3200,32,2
Corsair Vengeance RGB Pro Series black,DDR4-3466,32,2
Corsair Vengeance RGB Pro Series white,DDR4-3466,32,2
Corsair Vengeance RGB Pro Series white,DDR4-3200,16,2
Corsair Vengeance RGB Pro Series white,DDR4-3600,16,2
Corsair Vengeance RGB Series black,DDR4-3466,16,2
Corsair Vengeance RGB Series white,DDR4-3600,16,2
Corsair Vengeance red DDR3-1866 CL10,DDR3-1866,32,4
Crucial Ballistix Elite series,DDR4-3600,16,2
"Crucial Ballistix Elite Series DDR4-2666, CL16 - 32 GB Kit",DDR4-2666,32,4
"Crucial Ballistix Elite Series DDR4-2666, CL16 - 8 GB",DDR4-2666,8,1
"Crucial Ballistix Elite Series DDR4-3000, CL15 - 16 GB Kit",DDR4-3000,16,2
Crucial Ballistix Sport AT series,DDR4-3200,16,2
Crucial Ballistix Sport AT series,DDR4-3200,32,2
Crucial Ballistix Sport DDR3-1600 CL9,DDR3-1600,4,1
Crucial Ballistix Sport LT DDR4-2400 CL16,DDR4-2400,32,1
Crucial Ballistix Sport LT DDR4-2400 red CL16,DDR4-2400,64,1
Crucial Ballistix Sport LT grey DDR4-2666 CL16,DDR4-2666,16,2
Crucial Ballistix Sport LT grey DDR4-2666 CL16,DDR4-2666,4,1
Crucial Ballistix Sport LT grey DDR4-2666 CL16,DDR4-2666,8,1
Crucial Ballistix Sport LT grey DDR4-2666 CL16,DDR4-2666,16,1
Crucial Ballistix Sport LT red DDR4-2666 CL16,DDR4-2666,16,2
Crucial Ballistix Sport LT red DDR4-2666 CL16,DDR4-2666,8,1
Crucial Ballistix Sport LT series grey,DDR4-3200,32,2
Crucial Ballistix Sport LT series grey,DDR4-3200,16,2
"Crucial Ballistix Sport LT Series grey DDR4-2400, CL16 - 16 GB Kit",DDR4-2400,16,2
"Crucial Ballistix Sport LT Series grey DDR4-2400, CL16 - 32 GB Kit",DDR4-2400,32,4
"Crucial Ballistix Sport LT Series grey DDR4-2400, CL16 - 8 GB",DDR4-2400,8,1
"Crucial Ballistix Sport LT Series grey DDR4-2400, CL16 - 8 GB Kit",DDR4-2400,8,2
Crucial Ballistix Sport LT series red,DDR4-3200,16,2
Crucial Ballistix Sport LT series red,DDR4-3200,32,2
"Crucial Ballistix Sport LT Series red, DDR4-2400, CL16 - 16 GB Kit",DDR4-2400,16,2
"Crucial Ballistix Sport LT Series red, DDR4-2400, CL16 - 8 GB",DDR4-2400,8,1
"Crucial Ballistix Sport LT Series red, DDR4-2400, CL16 - 8 GB Kit",DDR4-2400,8,2
Crucial Ballistix Sport LT series white,DDR4-3200,16,2
Crucial Ballistix Sport LT series white,DDR4-3200,32,2
"Crucial Ballistix Sport LT Series white DDR4-2400, CL16 - 16 GB Kit",DDR4-2400,16,2
"Crucial Ballistix Sport LT Series white DDR4-2400, CL16 - 32 GB Kit",DDR4-2400,32,2
"Crucial Ballistix Sport LT Series white DDR4-2400, CL16 - 8 GB Kit",DDR4-2400,8,2
"Crucial Ballistix Sport LT Series white, DDR4-2400, CL16 - 8 GB",DDR4-2400,8,1
Crucial Ballistix Sport LT white DDR4-2666 CL16,DDR4-2666,16,2
Crucial Ballistix Sport LT white DDR4-2666 CL16,DDR4-2666,4,1
Crucial Ballistix Sport LT white DDR4-2666 CL16,DDR4-2666,8,1
"Crucial Ballistix Sport Series DDR4-2400, CL16 - 8 GB Kit",DDR4-2400,8,2
Crucial Ballistix Sport XT DDR3-1866 CL10,DDR3-1866,8,1
Crucial Ballistix Sport XT DDR3-1866 CL10,DDR3-1866,16,2
Crucial Ballistix Tactical DDR3-1866 CL9,DDR3-1866,16,2
Crucial Ballistix Tactical DDR3-1866 CL9,DDR3-1866,4,1
Crucial Ballistix Tactical DDR4-2666 CL16,DDR4-2666,32,4
Crucial Ballistix Tactical DDR4-3000 CL15,DDR4-3000,4,1
Crucial Ballistix Tactical LP DDR3-1600 CL8,DDR3-1600,8,1
"Crucial Ballistix Tactical, DDR4-3000, CL16 - 16 GB Kit",DDR4-3000,16,2
Crucial DDR4-2133 CL15,DDR4-2133,4,1
Crucial DDR4-2133 CL15,DDR4-2133,8,1
Crucial DDR5-4800,DDR5-4800,16,2
Crucial DDR5-4800,DDR5-4800,32,2
Crucial DDR5-4800,DDR5-4800,64,2
"Crucial Value Series DDR4-2133, CL15 - 16 GB Kit",DDR4-2133,16,2
"Crucial Value Series DDR4-2133, CL15 - 8 GB",DDR4-2133,8,1
G.Skill Aegis DDR4 DDR4-2133 16GB,DDR4-2133,16,2
G.Skill Aegis DDR4 DDR4-2133 32GB,DDR4-2133,32,2
G.Skill Aegis DDR4 DDR4-2133 4GB,DDR4-2133,4,1
G.Skill Aegis DDR4 DDR4-2133 8GB,DDR4-2133,8,1
G.Skill Aegis DDR4 DDR4-2400 16GB,DDR4-2400,16,2
G.Skill Aegis DDR4 DDR4-2400 32GB,DDR4-2400,32,2
G.Skill Aegis DDR4 DDR4-2400 4GB,DDR4-2400,4,1
G.Skill Aegis DDR4 DDR4-2400 8GB,DDR4-2400,8,1
G.Skill Aegis DDR4 DDR4-3000 16GB,DDR4-3000,16,2
G.Skill Aegis DDR4 DDR4-3000 8GB,DDR4-3000,8,1
G.Skill Flare X (for AMD) DDR4-2133 16GB,DDR4-2133,16,2
G.Skill Flare X Series,DDR4-3200,16,2
"G.Skill Fortis Series black, DDR4-2133 für Ryzen, CL 15 - 16 GB Dual-Kit",DDR4-2133,16,2
"G.Skill Fortis Series black, DDR4-2133 für Ryzen, CL 15 - 32 GB Dual-Kit",DDR4-2133,32,2
"G.Skill Fortis Series black, DDR4-2133 für Ryzen, CL 15 - 64 GB Quad-Kit",DDR4-2133,64,4
G.Skill Ripjaws V DDR4-3200 16GB,DDR4-3200,16,2
G.Skill Ripjaws V DDR4-3200 16GB,DDR4-3200,16,2
G.Skill Ripjaws V DDR4-3200 16GB,DDR4-3200,16,2
G.Skill Ripjaws V DDR4-3200 16GB,DDR4-3200,16,2
G.Skill Ripjaws V DDR4-3200 16GB,DDR4-3200,16,2
G.Skill Ripjaws V DDR4-3200 16GB,DDR4-3200,16,2
G.Skill Ripjaws V DDR4-3200 32GB,DDR4-3200,32,2
G.Skill Ripjaws V DDR4-3200 32GB,DDR4-3200,32,2
G.Skill Ripjaws V DDR4-3200 32GB,DDR4-3200,32,2
G.Skill Ripjaws V DDR4-3200 32GB,DDR4-3200,32,2
G.Skill Ripjaws V DDR4-3200 64GB,DDR4-3200,64,4
G.Skill Ripjaws V DDR4-3200 64GB,DDR4-3200,64,4
G.Skill Ripjaws V DDR4-3200 64GB,DDR4-3200,64,4
G.Skill Ripjaws V DDR4-3200 8GB,DDR4-3200,8,2
G.Skill Ripjaws V DDR4-3400 16GB,DDR4-3400,16,2
G.Skill Ripjaws V DDR4-3400 32GB,DDR4-3400,32,2
G.Skill Ripjaws V DDR4-3466 16GB,DDR4-3466,16,2
G.Skill Ripjaws V DDR4-3466 16GB,DDR4-3466,16,2
G.Skill Ripjaws V DDR4-3600 16GB,DDR4-3600,16,2
G.Skill Ripjaws V DDR4-3600 16GB,DDR4-3600,16,2
G.Skill RipJaws V Series,DDR4-3200,16,2
G.Skill RipJaws V Series,DDR4-3200,32,2
G.Skill RipJaws V Series,DDR4-3200,16,2
G.Skill RipJaws V Series,DDR4-3200,64,2
G.Skill RipJaws V Series,DDR4-3200,32,2
G.Skill Sniper DDR3-1866 CL9,DDR3-1866,16,2
G.Skill Sniper DDR3-1866 CL9,DDR3-1866,8,2
G.Skill Sniper X Series,DDR4-3200,16,2
G.Skill Sniper X Series,DDR4-3200,16,2
G.Skill Sniper X Series,DDR4-3200,32,2
G.Skill Sniper X Series,DDR4-3200,32,2
G.Skill Sniper X Series,DDR4-3200,32,2
G.Skill Sniper X Series,DDR4-3200,16,2
G.Skill Trident Z DDR4-3200 16GB,DDR4-3200,16,2
G.Skill Trident Z DDR4-3200 16GB,DDR4-3200,16,2
G.Skill Trident Z DDR4-3200 16GB,DDR4-3200,16,2
G.Skill Trident Z DDR4-3200 16GB,DDR4-3200,16,2
G.Skill Trident Z DDR4-3200 16GB,DDR4-3200,16,2
G.Skill Trident Z DDR4-3200 16GB,DDR4-3200,16,2
G.Skill Trident Z DDR4-3200 16GB,DDR4-3200,16,2
G.Skill Trident Z DDR4-3200 16GB,DDR4-3200,16,2
G.Skill Trident Z DDR4-3200 16GB,DDR4-3200,16,2
G.Skill Trident Z DDR4-3200 16GB,DDR4-3200,16,2
G.Skill Trident Z DDR4-3200 16GB,DDR4-3200,16,2
G.Skill Trident Z DDR4-3200 16GB,DDR4-3200,16,2
G.Skill Trident Z DDR4-3200 16GB,DDR4-3200,16,2
G.Skill Trident Z DDR4-3200 16GB,DDR4-3200,16,2
G.Skill Trident Z DDR4-3200 16GB,DDR4-3200,16,2
G.Skill Trident Z DDR4-3200 16GB,DDR4-3200,16,2
G.Skill Trident Z DDR4-3200 32GB,DDR4-3200,32,2
G.Skill Trident Z DDR4-3200 32GB,DDR4-3200,32,2
G.Skill Trident Z DDR4-3200 32GB,DDR4-3200,32,2
G.Skill Trident Z DDR4-3200 32GB,DDR4-3200,32,2
G.Skill Trident Z DDR4-3200 32GB,DDR4-3200,32,2
G.Skill Trident Z DDR4-3200 32GB,DDR4-3200,32,2
G.Skill Trident Z DDR4-3200 32GB,DDR4-3200,32,2
G.Skill Trident Z DDR4-3200 32GB,DDR4-3200,32,2
G.Skill Trident Z DDR4-3200 32GB,DDR4-3200,32,2
G.Skill Trident Z DDR4-3200 32GB,DDR4-3200,32,2
G.Skill Trident Z DDR4-3200 32GB,DDR4-3200,32,2
G.Skill Trident Z DDR4-3200 32GB,DDR4-3200,32,2
G.Skill Trident Z DDR4-3200 32GB,DDR4-3200,32,2
G.Skill Trident Z DDR4-3200 32GB,DDR4-3200,32,2
G.Skill Trident Z DDR4-3200 32GB,DDR4-3200,32,2
G.Skill Trident Z DDR4-3200 32GB,DDR4-3200,32,2
G.Skill Trident Z DDR4-3200 64GB,DDR4-3200,64,4
G.Skill Trident Z DDR4-3200 64GB,DDR4-3200,64,4
G.Skill Trident Z DDR4-3200 64GB,DDR4-3200,64,4
G.Skill Trident Z DDR4-3200 64GB,DDR4-3200,64,4
G.Skill Trident Z DDR4-3200 64GB,DDR4-3200,64,4
G.Skill Trident Z DDR4-3200 64GB,DDR4-3200,64,4
G.Skill Trident Z DDR4-3200 64GB,DDR4-3200,64,4
G.Skill Trident Z DDR4-3200 64GB,DDR4-3200,64,4
G.Skill Trident Z DDR4-3200 8GB,DDR4-3200,8,2
G.Skill Trident Z DDR4-3400 32GB,DDR4-3400,32,2
G.Skill Trident Z DDR4-3400 CL16,DDR4-3400,16,2
G.Skill Trident Z DDR4-3466 16GB,DDR4-3466,16,2
G.Skill Trident Z DDR4-3466 16GB,DDR4-3466,16,2
G.Skill Trident Z DDR4-3466 16GB,DDR4-3466,16,2
G.Skill Trident Z DDR4-3466 16GB,DDR4-3466,16,2
G.Skill Trident Z DDR4-3466 32GB,DDR4-3466,32,2
G.Skill Trident Z DDR4-3466 32GB,DDR4-3466,32,2
G.Skill Trident Z DDR4-3466 CL16,DDR4-3466,8,2
G.Skill Trident Z DDR4-3600 16GB,DDR4-3600,16,2
G.Skill Trident Z DDR4-3600 16GB,DDR4-3600,16,2
G.Skill Trident Z DDR4-3600 16GB,DDR4-3600,16,2
G.Skill Trident Z DDR4-3600 16GB,DDR4-3600,16,2
G.Skill Trident Z DDR4-3600 16GB,DDR4-3600,16,2
G.Skill Trident Z Neo Series,DDR4-3600,16,2
G.Skill Trident Z Neo Series,DDR4-3200,16,2
G.Skill Trident Z Neo Series,DDR4-3600,16,2
G.Skill Trident Z Neo Series,DDR4-3200,32,2
G.Skill Trident Z Neo Series,DDR4-3600,32,2
G.Skill Trident Z Neo Series,DDR4-3600,32,2
G.Skill Trident Z Neo Series,DDR4-3600,16,2
G.Skill Trident Z Neo Series,DDR4-3600,32,2
G.Skill Trident Z Neo Series,DDR4-3200,16,2
G.Skill Trident Z Neo Series,DDR4-3600,16,2
G.Skill Trident Z Neo Series,DDR4-3200,32,2
G.Skill Trident Z RGB DDR4-3200 16GB,DDR4-3200,16,2
G.Skill Trident Z RGB DDR4-3200 16GB,DDR4-3200,16,2
G.Skill Trident Z RGB DDR4-3200 32GB,DDR4-3200,32,2
G.Skill Trident Z RGB DDR4-3200 64GB,DDR4-3200,64,4
G.Skill Trident Z RGB DDR4-3200 64GB,DDR4-3200,64,4
G.Skill Trident Z RGB DDR4-3466 16GB,DDR4-3466,16,2
G.Skill Trident Z RGB DDR4-3600 16GB,DDR4-3600,16,2
G.Skill Trident Z RGB DDR4-3600 16GB,DDR4-3600,16,2
G.Skill Trident Z RGB Series für AMD,DDR4-3200,16,2
G.Skill Trident Z RGB Series für AMD,DDR4-3200,32,2
G.Skill Trident Z RGB Series für AMD Ryzen,DDR4-3600,16,2
G.Skill Trident Z RGB Series für AMD Ryzen,DDR4-3200,16,2
G.Skill Trident Z Royal Series gold,DDR4-3600,16,2
G.Skill Trident Z Royal Series gold,DDR4-3200,16,2
G.Skill Trident Z Royal Series gold,DDR4-3200,16,2
G.Skill Trident Z Royal Series gold,DDR4-3600,16,2
G.Skill Trident Z Royal Series silver,DDR4-3200,16,2
G.Skill Trident Z Royal Series silver,DDR4-3600,16,2
G.Skill Trident Z Royal Series silver,DDR4-3600,16,2
G.Skill Trident Z Royal Series silver,DDR4-3200,16,2
G.Skill Trident Z Series,DDR4-3200,16,2
G.Skill Trident Z Series silver/red,DDR4-3200,16,2
G.Skill Trident Z Series silver/red,DDR4-3600,16,2
"G.Skill Trident Z Series, DDR4-3000, CL14 - 64 GB Quad-Kit",DDR4-3000,64,4
G.Skill Value DDR4-2133 8GB,DDR4-2133,8,1
G.Skill Value DDR4-2400 8GB,DDR4-2400,8,1
G.Skill Value DDR4-2400 8GB,DDR4-2400,8,1
Gigabyte Aorus RGB Memory,DDR4-3200,16,2
Gigabyte Aorus RGB Memory,DDR4-3200,16,2
HyperX Fury blue DDR3-1600 CL10,DDR3-1600,4,1
HyperX Fury blue DDR3-1600 CL10,DDR3-1600,8,2
HyperX Fury blue DDR3-1600 CL10,DDR3-1600,8,1
HyperX Fury blue DDR3-1600 CL10,DDR3-1600,16,2
HyperX Fury blue DDR3-1866 CL10,DDR3-1866,4,1
HyperX Fury blue DDR3-1866 CL10,DDR3-1866,8,1
HyperX Fury blue DDR3-1866 CL10,DDR3-1866,8,2
HyperX Fury blue DDR3-1866 CL10,DDR3-1866,16,2
HyperX Fury red DDR3-1600 CL10,DDR3-1600,8,1
HyperX Fury red DDR3-1600 CL10,DDR3-1600,8,2
HyperX Fury red DDR3-1600 CL10,DDR3-1600,16,2
HyperX Fury red DDR3-1866 CL10,DDR3-1866,4,1
HyperX Fury red DDR3-1866 CL10,DDR3-1866,8,1
HyperX Fury red DDR3-1866 CL10,DDR3-1866,8,2
HyperX Fury red DDR3-1866 CL10,DDR3-1866,16,2
HyperX Fury black DDR3-1600 CL10,DDR3-1600,4,1
HyperX Fury black DDR3-1600 CL10,DDR3-1600,8,1
HyperX Fury black DDR3-1600 CL10,DDR3-1600,8,2
HyperX Fury black DDR3-1600 CL10,DDR3-1600,16,2
HyperX Fury black DDR3-1866 CL10,DDR3-1866,4,1
HyperX Fury black DDR3-1866 CL10,DDR3-1866,8,1
HyperX Fury black DDR3-1866 CL10,DDR3-1866,8,2
HyperX Fury black DDR3-1866 CL10,DDR3-1866,16,2
HyperX Fury black DDR4-2133 CL14,DDR4-2133,4,1
HyperX Fury black DDR4-2133 CL14,DDR4-2133,8,1
HyperX Fury black DDR4-2133 CL14,DDR4-2133,16,2
HyperX Fury black DDR4-2133 CL14,DDR4-2133,16,4
HyperX Fury black DDR4-2133 CL14,DDR4-2133,32,4
HyperX Fury black DDR4-2400 CL15,DDR4-2400,32,4
HyperX Fury black DDR4-2666 CL15,DDR4-2666,16,4
HyperX Fury Series,DDR4-3200,16,2
"HyperX Fury Series, DDR4-2666, CL15 - 16 GB Kit",DDR4-2666,16,2
"HyperX Fury Series, DDR4-2666, CL15 - 32 GB Kit",DDR4-2666,32,4
HyperX Fury white DDR3-1600 CL10,DDR3-1600,4,1
HyperX Fury white DDR3-1600 CL10,DDR3-1600,8,1
HyperX Fury white DDR3-1600 CL10,DDR3-1600,8,2
HyperX Fury white DDR3-1600 CL10,DDR3-1600,16,2
HyperX Fury white DDR3-1866 CL10,DDR3-1866,4,1
HyperX Fury white DDR3-1866 CL10,DDR3-1866,8,2
HyperX Fury white DDR3-1866 CL10,DDR3-1866,8,1
HyperX Predator DDR3-1866 CL9,DDR3-1866,32,4
HyperX Predator DDR3-1866 CL9,DDR3-1866,16,2
HyperX Predator DDR3-1866 CL9,DDR3-1866,8,2
HyperX Predator DDR4-3000 CL15,DDR4-3000,32,1
HyperX Predator DDR4-3000 CL15,DDR4-3000,32,4
HyperX Predator DDR4-3200 CL16,DDR4-3200,16,2
HyperX Savage DDR4-2666 CL15,DDR4-2666,128,1
HyperX Savage red DDR3-1600 CL9,DDR3-1600,32,4
HyperX Savage red DDR3-1866 CL9,DDR3-1866,32,4
HyperX Savage red DDR3-1866 CL9,DDR3-1866,8,2
HyperX Savage red DDR3-1866 CL9,DDR3-1866,4,1
HyperX Savage red DDR3-1866 CL9,DDR3-1866,16,2
HyperX Savage black DDR4-2133 CL13,DDR4-2133,8,1
HyperX Savage black DDR4-2133 CL13,DDR4-2133,4,1
HyperX Savage black DDR4-2400 CL12 XMP,DDR4-2400,16,2
HyperX Savage black DDR4-2400 CL12 XMP,DDR4-2400,8,1
HyperX Savage black DDR4-2400 CL12 XMP,DDR4-2400,4,1
HyperX Savage black DDR4-2400 CL12 XMP,DDR4-2400,8,2
HyperX Savage black DDR4-2400 CL12 XMP,DDR4-2400,32,4
HyperX Savage black DDR4-2666 CL13  XMP,DDR4-2666,8,2
INNO3D iChill Memory,DDR4-3200,16,2
INNO3D iChill Memory,DDR4-3600,16,2
Intenso Desktop Pro DDR4-2133 CL15,DDR4-2133,8,1
Kingston Fury Beast,DDR5-4800,16,1
Kingston Fury Beast,DDR5-4800,32,2
Kingston Fury Beast Black,DDR5-5200,16,1
Kingston Fury Beast Black,DDR5-5200,32,1
Kingston Value  DDR3-1600  CL11,DDR3-1600,4,1
Kingston Value  DDR4-2133  CL15,DDR4-2133,16,1
Kingston Value  DDR4-2133  CL15  kit,DDR4-2133,32,1
Kingston Value  DDR4-2133  CL15 reg. ECC,DDR4-2133,32,1
Kingston Value  DDR4-2133 CL15,DDR4-2133,8,1
Kingston Value  DDR4-2400  CL17,DDR4-2400,8,1
Kingston Value  DDR4-2400  CL17,DDR4-2400,16,1
Kingston Value DDR3-1600  CL11,DDR3-1600,8,1
Kingston Value DDR3-1600  CL11,DDR3-1600,16,2
Kingston Value DDR3-1600 CL11 ECC Modul,DDR3-1600,8,1
Kingston Value DDR4-2133  CL15,DDR4-2133,16,2
Kingston ValueRAM,DDR5-4800,32,2
Kingston ValueRAM,DDR5-4800,16,1
"Team Group Dark Pro Series grey, DDR4-3200, CL16 - 8 GB Kit",DDR4-3200,8,2
"Team Group Dark Pro Series red, DDR4-3000, CL15 - 16 GB Kit",DDR4-3000,16,2
"Team Group Dark Pro Series red, DDR4-3000, CL15 - 8 GB Kit",DDR4-3000,8,2
"Team Group Dark Pro Series red, DDR4-3200, CL16 - 8 GB Kit",DDR4-3200,8,2
"Team Group Dark Series blue, DDR4-2666, CL15 - 16 GB Kit",DDR4-2666,16,4
"Team Group Dark Series white, DDR4-3000, CL16 - 16 GB Kit",DDR4-3000,16,4
"Team Group Elite Plus Series black, DDR4-2133, CL15 - 16 GB Kit",DDR4-2133,16,2
"Team Group Elite Plus Series black, DDR4-2400, CL16 - 8 GB",DDR4-2400,8,1
"Team Group T-Force Dark grey, DDR4-3000, CL16 - 16 GB Kit",DDR4-3000,16,2
"Team Group T-Force Dark red, DDR4-3000, CL16 - 16 GB Kit",DDR4-3000,16,2
Team Group T-Force Nighthawk,DDR4-3200,16,2
"Team Group T-Force Nighthawk, blaue LED, DDR4-3000, CL16 - 16 GB Kit",DDR4-3000,16,2
"Team Group T-Force Nighthawk, blaue LED, DDR4-3200, CL16 - 32 GB Kit",DDR4-3200,32,2
"Team Group T-Force Nighthawk, rote LED, DDR4-3000, CL16 - 16 GB Kit",DDR4-3000,16,2
"Team Group T-Force Nighthawk, rote LED, DDR4-3200, CL16 - 16 GB Kit",DDR4-3200,16,2
"Team Group T-Force Nighthawk, rote LED, DDR4-3200, CL16 - 32 GB Kit",DDR4-3200,32,2
"Team Group T-Force Nighthawk, weiße LED, DDR4-3000, CL16 - 16 GB Kit",DDR4-3000,16,2
"Team Group T-Force Nighthawk, weiße LED, DDR4-3200, CL16 - 32 GB Kit",DDR4-3200,32,2
"Team Group Vulcan Series Gold, DDR4-3000, CL16 - 32 GB Kit",DDR4-3000,32,4
"Team Group Vulcan Series white, DDR4-3000, CL16 - 16 GB Kit",DDR4-3000,16,4
Thermaltake Toughram RGB DDR4-3200 CL16 - 16 GB Dual-Kit,DDR4-3200,16,2
Thermaltake Toughram RGB DDR4-3600 CL18 - 16 GB Dual-Kit,DDR4-3600,16,2
ADATA Premier Series DDR3-1600 CL11,DDR3-1600,4,1
ADATA Premier Series DDR3-1600 CL11,DDR3-1600,8,1
ADATA XPC V1.0 DDR3-1600 CL9,DDR3-1600,8,2
ADATA XPC V1.0 DDR3-1600 CL9,DDR3-1600,16,2
ADATA XPG Gammix D10,DDR4-3000,16,2
ADATA XPG Gammix D10,DDR4-2666,16,2
ADATA XPG Gammix D10,DDR4-2666,32,2
ADATA XPG Gammix D10,DDR4-3000,8,1
ADATA XPG Gammix D10,DDR4-3000,16,1
ADATA XPG Gammix D10,DDR4-2666,16,2
ADATA XPG Gammix D10,DDR4-2400,16,2
ADATA XPG Gammix D10,DDR4-2400,8,1
ADATA XPG Gammix D10,DDR4-2400,32,2
ADATA XPG Spectrix D40 RGB,DDR4-3000,16,2
ADATA XPG Spectrix D50 Xtreme,DDR4-5000,16,2
ADATA XPG Spectrix D50 Xtreme,DDR4-4800,16,2
ADATA XPG Spectrix D80 red,DDR4-3000,16,2
ADATA XPG Spectrix D80 red,DDR4-3000,32,2
ADATA XPG Spectrix D80 black,DDR4-3000,32,2
ADATA XPG Spectrix D80 black,DDR4-3000,16,2
ADATA XPG Spectrix RGB D41 grey,DDR4-3000,32,2
ADATA XPG Spectrix RGB D41 grey,DDR4-3000,16,2
ADATA XPG Spectrix RGB D41 red,DDR4-3000,16,2
ADATA XPG Spectrix RGB D60G grey,DDR4-3000,16,2
"Avexir Blitz Series, rote LED, DDR4-3200, CL16 - 16 GB Kit",DDR4-3200,16,4
"Avexir Core Series, blaue LED, DDR4-2400, CL16 - 4 GB",DDR4-2400,4,1
"Avexir Core Series, grüne LED, DDR4-2400, CL16 - 4 GB",DDR4-2400,4,1
"Avexir Core Series, rote LED, DDR4-2400, CL16 - 16 GB Kit",DDR4-2400,16,2
"Avexir Core Series, rote LED, DDR4-2400, CL16 - 16 GB Kit",DDR4-2400,16,4
"Avexir Core Series, weiße LED, DDR4-2400, CL16 - 16 GB Kit",DDR4-2400,16,2
"Avexir Core Series, weiße LED, DDR4-2400, CL16 - 4 GB",DDR4-2400,4,1
Ballistix Elite DDR4-2666 CL16,DDR4-2666,4,1
Ballistix Sport DDR3-1600 CL9,DDR3-1600,8,2
Ballistix Tactical DDR4-3000 CL15,DDR4-3000,8,1
Corsair 16GB,DDR4-2400,16,1
Corsair 1GB DDR Memory,DDR1-333,1,1
Corsair 1GB DDR Memory,DDR1-400,1,1
Corsair 1GB DDR2 Memory,DDR2-667,1,1
Corsair 1GB DDR2 Memory,DDR2-533,1,1
Corsair 1GB Dual Channel DDR Memory Kit,DDR1-400,1,2
Corsair 2GB DDR2 Memory,DDR2-800,2,1
Corsair 2GB Dual Channel DDR Memory Kit,DDR1-400,2,2
Corsair 2GB Dual Channel DDR2 Memory Kit,DDR2-533,2,2
Corsair 8GB,DDR3-1600,8,2
Corsair 8GB,DDR4-2400,8,1
Corsair 8GB Dual Channel DDR3 Memory Kit,DDR3-1333,8,2
Corsair Dominator DDR3-1600 CL9,DDR3-1600,8,2
"Corsair Dominator Limited Orange DDR4-3400, CL16 - 16 GB Quad Kit",DDR4-3400,16,4
Corsair Dominator Platinum + AF,DDR4-3600,8,2
Corsair Dominator Platinum + AF,DDR4-4000,8,2
"Corsair Dominator Platinum + AF, DDR4-3600, CL 16 - 32 GB Quad Kit",DDR4-3600,32,4
"Corsair Dominator Platinum + AF, DDR4-3600, CL 18 - 16 GB Quad Kit",DDR4-3600,16,4
"Corsair Dominator Platinum + AF, DDR4-3733, CL 17 - 8 GB Dual Kit",DDR4-3733,8,2
"Corsair Dominator Platinum + AF, DDR4-3866, CL 18 - 8 GB Dual Kit",DDR4-3866,8,2
Corsair Dominator Platinum DDR4-2400 CL14,DDR4-2400,128,1
Corsair Dominator Platinum DDR4-2666 CL15,DDR4-2666,16,4
Corsair Dominator Platinum DDR4-2666 CL15,DDR4-2666,128,1
Corsair Dominator Platinum DDR4-2800 CL14,DDR4-2800,128,1
Corsair Dominator Platinum DDR4-2800 CL14,DDR4-2800,64,1
Corsair Dominator Platinum DDR4-2800 CL16,DDR4-2800,16,4
Corsair Dominator Platinum DDR4-3000 CL15,DDR4-3000,8,2
Corsair Dominator Platinum DDR4-3000 CL15,DDR4-3000,16,2
Corsair Dominator Platinum DDR4-3000 CL16,DDR4-3000,128,1
Corsair Dominator Platinum DDR4-3200 CL16,DDR4-3200,32,4
Corsair Dominator Platinum DDR4-3200 CL16,DDR4-3200,8,2
Corsair Dominator Platinum RGB,DDR5-5200,32,2
Corsair Dominator Platinum RGB,DDR5-5600,32,2
Corsair Dominator Platinum RGB,DDR5-6200,32,2
Corsair Dominator Platinum RGB,DDR5-6400,32,2
Corsair Dominator Platinum RGB,DDR5-5200,64,2
Corsair Dominator Platinum RGB,DDR5-5200,64,2
Corsair Dominator Platinum RGB,DDR5-5600,64,2
Corsair Dominator Platinum RGB,DDR5-6200,64,4
Corsair Dominator Platinum RGB,DDR5-6600,64,4
Corsair Dominator Platinum RGB,DDR5-6400,64,4
Corsair Dominator Platinum RGB,DDR5-6000,64,2
Corsair Dominator Platinum RGB Series,DDR4-3000,16,2
Corsair Dominator Platinum RGB Series,DDR4-3200,32,4
Corsair Dominator Platinum RGB Series,DDR4-3600,32,4
Corsair Dominator Platinum RGB Series,DDR4-3000,32,2
Corsair Dominator Platinum RGB Series,DDR4-3600,64,4
Corsair Dominator Platinum RGB Series,DDR4-3000,32,4
Corsair Dominator Platinum RGB Series,DDR4-3000,64,4
Corsair Dominator Platinum RGB Series,DDR4-3200,64,8
Corsair Dominator Platinum RGB Series,DDR4-4266,16,2
Corsair Dominator Platinum RGB Series,DDR4-3600,64,8
Corsair Dominator Platinum RGB Series,DDR4-3600,128,8
Corsair Dominator Platinum ROG Edition 32GB,DDR4-3200,32,4
Corsair Dominator Platinum Series,DDR4-2400,64,4
Corsair Dominator Platinum Series 128GB,DDR4-3200,128,8
Corsair Dominator Platinum Series 16GB,DDR4-2800,16,2
Corsair Dominator Platinum Series 16GB,DDR4-3200,16,4
Corsair Dominator Platinum Series 16GB,DDR4-3200,16,4
Corsair Dominator Platinum Series 16GB,DDR4-2666,16,4
Corsair Dominator Platinum Series 16GB,DDR4-2400,16,2
Corsair Dominator Platinum Series 16GB,DDR4-3866,16,2
Corsair Dominator Platinum Series 16GB,DDR4-3733,16,2
Corsair Dominator Platinum Series 16GB,DDR4-3200,16,4
Corsair Dominator Platinum Series 16GB,DDR4-4000,16,2
Corsair Dominator Platinum Series 16GB,DDR4-2133,16,4
Corsair Dominator Platinum Series 32GB,DDR4-2800,32,2
Corsair Dominator Platinum Series 32GB,DDR4-2800,32,4
Corsair Dominator Platinum Series 32GB,DDR4-2400,32,4
Corsair Dominator Platinum Series 32GB,DDR4-2400,32,4
Corsair Dominator Platinum Series 32GB,DDR4-2400,32,4
Corsair Dominator Platinum Series 32GB,DDR4-3866,32,4
Corsair Dominator Platinum Series 32GB,DDR4-2133,32,4
Corsair Dominator Platinum Series 32GB,DDR4-3000,32,2
Corsair Dominator Platinum Series 32GB,DDR4-2666,32,4
Corsair Dominator Platinum Series 32GB,DDR4-3000,32,4
Corsair Dominator Platinum Series 32GB,DDR4-3333,32,4
Corsair Dominator Platinum Series 32GB,DDR4-3733,32,4
Corsair Dominator Platinum Series 32GB,DDR4-4000,32,4
Corsair Dominator Platinum Series 32GB,DDR4-2800,32,4
Corsair Dominator Platinum Series 64GB,DDR4-3333,64,4
Corsair Dominator Platinum Series 64GB,DDR4-2666,64,4
Corsair Dominator Platinum Series 64GB,DDR4-3000,64,4
Corsair Dominator Platinum Series 64GB,DDR4-3200,64,4
Corsair Dominator Platinum Series 64GB,DDR4-2800,64,8
Corsair Dominator Platinum Series 64GB,DDR4-2800,64,8
Corsair Dominator Platinum Series 64GB,DDR4-3466,64,4
Corsair Dominator Platinum Series 64GB,DDR4-3200,64,8
Corsair Dominator Platinum Series 64GB,DDR4-2666,64,8
Corsair Dominator Platinum Series DDR4-2666,DDR4-2666,16,2
Corsair Dominator Platinum Series DDR4-2666,DDR4-2666,32,4
"Corsair Dominator Platinum Series DDR4-3000, CL15 - 16 GB Quad Kit",DDR4-3000,16,4
"Corsair Dominator Platinum Series DDR4-3200, CL15 - 16 GB Quad Kit",DDR4-3200,16,4
"Corsair Dominator Platinum Series DDR4-3200, CL16 - 16 GB Quad Kit",DDR4-3200,16,4
Corsair Dominator Platinum Series — 16GB,DDR3-2133,16,4
Corsair Dominator Platinum Series — 16GB,DDR3-2400,16,4
Corsair Dominator Platinum Series — 16GB,DDR3-2400,16,4
Corsair Dominator Platinum Series — 16GB,DDR3-2400,16,2
Corsair Dominator Platinum Series — 16GB,DDR3-1866,16,4
Corsair Dominator Platinum Series — 16GB,DDR3-1866,16,2
Corsair Dominator Platinum Series — 16GB,DDR3-2133,16,4
Corsair Dominator Platinum Series — 16GB,DDR3-2800,16,4
Corsair Dominator Platinum Series — 16GB,DDR3-2666,16,4
Corsair Dominator Platinum Series — 16GB,DDR3-1600,16,2
Corsair Dominator Platinum Series — 16GB,DDR3-2933,16,4
Corsair Dominator Platinum Series — 16GB,DDR3-3000,16,4
Corsair Dominator Titanium DDR5-6000,DDR5-6000,32,2
Corsair Dominator Titanium DDR5-6000,DDR5-6000,32,2
Corsair Dominator Titanium DDR5-6000,DDR5-6000,32,2
Corsair Dominator Titanium DDR5-6000,DDR5-6000,64,2
Corsair Dominator Titanium DDR5-6000,DDR5-6000,64,2
Corsair Dominator Titanium DDR5-6000,DDR5-6000,64,2
Corsair Dominator Titanium DDR5-6000,DDR5-6000,64,4
Corsair Dominator Titanium DDR5-6400,DDR5-6400,32,2
Corsair Dominator Titanium DDR5-6400,DDR5-6400,32,2
Corsair Dominator Titanium DDR5-6400,DDR5-6400,64,2
Corsair Dominator Titanium DDR5-6400,DDR5-6400,64,2
Corsair Dominator Titanium DDR5-6400,DDR5-6400,64,4
Corsair Dominator Titanium DDR5-6600,DDR5-6600,32,2
Corsair Dominator Titanium DDR5-6600,DDR5-6600,32,2
Corsair Dominator Titanium DDR5-6600,DDR5-6600,64,2
Corsair Dominator Titanium DDR5-7200,DDR5-7200,32,2
Corsair LED 32GB,DDR4-3200,32,4
Corsair LED 32GB,DDR4-2666,64,4
Corsair Low Profile Blue — 16GB Dual Channel DDR3 Memory Kit,DDR3-1600,16,4
Corsair Low Profile Blue — 4GB Dual Channel DDR3 Memory Kit,DDR3-1600,4,2
Corsair Low Profile Blue — 8GB Dual Channel DDR3 Memory Kit,DDR3-2133,8,2
Corsair Low Profile White — 1.35V 8GB Dual Channel DDR3L Memory Kit,DDR3L-1600,8,2
Corsair Low Profile — 16GB Dual Channel DDR3 Memory Kit,DDR3-1600,16,2
Corsair Low Profile — 16GB Dual/Quad Channel DDR3 Memory Kit,DDR3-1600,16,4
Corsair Low Profile — 32GB Dual/Quad Channel DDR3 Memory Kit,DDR3-1600,32,4
Corsair Low Profile — 32GB Dual/Quad Channel DDR3 Memory Kit,DDR3-1600,32,4
Corsair Low Profile — 4GB DDR3 Memory Kit,DDR3-1600,4,1
Corsair Low Profile — 4GB Dual Channel DDR3 Memory Kit,DDR3-1600,4,2
Corsair Low Profile — 8GB DDR3 Memory Kit,DDR3-1600,8,1
Corsair Low Profile — 8GB Dual Channel DDR3 Memory Kit,DDR3-1600,8,2
Corsair LP 16GB,DDR3L-1600,16,2
Corsair LP 4GB,DDR3L-1600,4,1
Corsair LP 8GB,DDR3L-1600,8,1
Corsair LP Memory 16GB 1866MHz CL10 DDR3,DDR3-1866,16,2
Corsair LP Memory 32GB 1866MHz CL10 DDR3 Dual/Quad Kit,DDR3-1866,32,4
Corsair LPX 128GB,DDR4-2133,128,8
Corsair LPX 128GB,DDR4-3333,128,8
Corsair LPX 128GB,DDR4-3000,128,8
Corsair LPX 16GB,DDR4-2133,16,4
Corsair LPX 16GB,DDR4-2400,16,1
Corsair LPX 16GB,DDR4-3200,16,4
Corsair LPX 16GB,DDR4-2400,16,1
Corsair LPX 16GB,DDR4-2400,16,2
Corsair LPX 16GB,DDR4-3000,16,1
Corsair LPX 16GB,DDR4-2133,16,4
Corsair LPX 16GB,DDR4-2666,16,4
Corsair LPX 16GB,DDR4-2400,16,4
Corsair LPX 16GB,DDR4-2400,16,2
Corsair LPX 16GB,DDR4-2666,16,4
Corsair LPX 16GB,DDR4-3000,16,4
Corsair LPX 16GB,DDR4-2666,16,4
Corsair LPX 16GB,DDR4-3000,16,4
Corsair LPX 16GB,DDR4-3200,16,4
Corsair LPX 16GB,DDR4-2400,32,2
Corsair LPX 16GB,DDR4-3300,16,4
Corsair LPX 16GB,DDR4-4000,16,2
Corsair LPX 16GB,DDR4-4266,16,2
Corsair LPX 16GB,DDR4-3400,16,4
Corsair LPX 32GB,DDR4-3400,32,4
Corsair LPX 32GB,DDR4-3333,32,2
Corsair LPX 32GB,DDR4-2400,32,2
Corsair LPX 32GB,DDR4-3866,32,4
Corsair LPX 32GB,DDR4-4000,32,4
Corsair LPX 32GB,DDR4-3200,32,4
Corsair Memory — 32GB 1866MHz CL9 DDR3,DDR3-1866,32,4
Corsair Pro Series 16GB,DDR3L-1600,16,2
Corsair Pro Series 16GB,DDR3L-1600,16,2
Corsair Pro Series 16GB,DDR3L-1866,16,2
Corsair Pro Series 16GB,DDR3L-2133,16,2
Corsair Pro Series 32GB,DDR3L-1600,32,4
Corsair Pro Series 32GB,DDR3L-2133,32,4
Corsair Pro Series 32GB,DDR3L-1866,32,4
Corsair Pro Series 8GB,DDR3L-1600,8,2
Corsair Pro Series — 16GB,DDR3-1866,16,2
Corsair Pro Series — 16GB,DDR3-2133,16,4
Corsair Pro Series — 16GB,DDR3-2666,16,2
Corsair Pro Series — 16GB,DDR3-2933,16,4
Corsair Pro Series — 16GB,DDR3-2133,16,4
Corsair Pro Series — 16GB,DDR3-1600,16,2
Corsair Pro Series — 16GB,DDR3-1866,16,2
Corsair Pro Series — 16GB,DDR3-2400,16,2
Corsair Pro Series — 16GB,DDR3-2133,16,2
Corsair Pro Series — 32GB,DDR3-1600,32,4
Corsair Pro Series — 32GB,DDR3-1600,32,4
Corsair Pro Series — 32GB,DDR3-1600,32,4
Corsair Pro Series — 32GB,DDR3-2800,32,4
Corsair Pro Series — 32GB,DDR3-1866,32,4
Corsair Pro Series — 32GB,DDR3-2133,32,4
Corsair Pro Series — 64GB,DDR3-2133,64,8
Corsair Pro Series — 64GB,DDR3-2400,64,8
Corsair Pro Series — 8GB,DDR3-2133,8,2
Corsair Pro Series — 8GB,DDR3-2133,8,2
Corsair Pro Series — 8GB,DDR3-2800,8,2
Corsair Pro Series — 8GB,DDR3-2933,8,2
Corsair Pro Series — 8GB,DDR3-1600,8,2
Corsair Pro Series — 8GB,DDR3-1600,8,2
Corsair Pro Series — 8GB,DDR3-1600,8,2
Corsair Pro Series — 8GB,DDR3-1600,8,2
Corsair Pro Series — 8GB,DDR3-2133,8,2
Corsair Pro Series — 8GB,DDR3-1866,8,2
Corsair Pro Series — 8GB,DDR3-1866,8,2
Corsair Pro Series — 8GB,DDR3-2133,8,2
Corsair Pro Series — 8GB,DDR3-2133,8,2
Corsair Pro Series — 8GB,DDR3-2133,8,2
Corsair RGB 16GB,DDR4-2666,16,2
Corsair RGB 16GB,DDR4-3000,16,2
Corsair RGB 32GB,DDR4-2666,32,4
Corsair RGB 32GB,DDR4-3000,32,4
Corsair RGB 32GB,DDR4-3200,32,4
Corsair RGB 32GB,DDR4-3333,32,4
Corsair RGB 32GB,DDR4-3600,32,4
Corsair RGB 32GB,DDR4-3466,32,4
Corsair RGB 64GB,DDR4-2666,64,8
Corsair SO-Dimm Vengeance Series DDR4-3000,DDR4-3000,16,2
Corsair ValueSelect,DDR4-2133,8,1
Corsair ValueSelect,DDR4-2133,4,1
Corsair ValueSelect,DDR4-2133,16,1
Corsair ValueSelect,DDR4-2133,16,2
Corsair ValueSelect,DDR4-2133,32,2
Corsair ValueSelect DDR3-1333 CL9,DDR3-1333,2,1
Corsair ValueSelect DDR3-1333 CL9,DDR3-1333,4,1
Corsair ValueSelect DDR3-1333 CL9,DDR3-1333,8,1
Corsair ValueSelect DDR3-1333 CL9,DDR3-1333,4,2
Corsair ValueSelect DDR3-1333 CL9,DDR3-1333,16,2
Corsair ValueSelect Series DDR4-2133,DDR4-2133,8,1
Corsair Vengeance,DDR5-5600,32,2
Corsair Vengeance,DDR5-6400,32,2
Corsair Vengeance,DDR5-6800,32,2
Corsair Vengeance,DDR5-5200,48,2
Corsair Vengeance,DDR5-5600,48,2
Corsair Vengeance,DDR5-7000,48,2
Corsair Vengeance,DDR5-6400,64,2
Corsair Vengeance,DDR5-5200,64,2
Corsair Vengeance,DDR5-6200,64,2
Corsair Vengeance,DDR5-7200,32,2
Corsair Vengeance,DDR5-6600,64,2
Corsair Vengeance,DDR5-7000,32,2
Corsair Vengeance,DDR5-5200,96,2
Corsair Vengeance,DDR5-5600,96,2
Corsair Vengeance,DDR5-6000,64,2
Corsair Vengeance,DDR5-5200,192,4
Corsair Vengeance blue DDR3-1600 CL9,DDR3-1600,4,1
Corsair Vengeance blue DDR3-1600 CL9,DDR3-1600,8,2
Corsair Vengeance blue DDR3-2133 CL11,DDR3-2133,8,2
Corsair Vengeance DDR3-1600 CL10,DDR3-1600,8,1
Corsair Vengeance DDR3-1600 CL10,DDR3-1600,16,2
Corsair Vengeance DDR3-1600 CL9,DDR3-1600,16,2
Corsair Vengeance DDR3-1600 CL9,DDR3-1600,32,4
Corsair Vengeance DDR3-1600 CL9,DDR3-1600,8,1
Corsair Vengeance DDR3-1600 CL9,DDR3-1600,4,2
Corsair Vengeance DDR3-1600 CL9,DDR3-1600,12,3
Corsair Vengeance DDR3-1600 CL9,DDR3-1600,16,4
Corsair Vengeance DDR3-1600 CL9   Low Profile,DDR3-1600,8,2
Corsair Vengeance DDR5-6000,DDR5-6000,32,2
Corsair Vengeance LED blue DDR4-3000  CL15,DDR4-3000,16,2
Corsair Vengeance LED blue DDR4-3000  CL15,DDR4-3000,32,4
Corsair Vengeance LED blue DDR4-3000  CL15,DDR4-3000,32,1
Corsair Vengeance LED blue DDR4-3200  CL16,DDR4-3200,32,4
Corsair Vengeance LED blue DDR4-3200  CL16,DDR4-3200,32,1
Corsair Vengeance LED blue DDR4-3200  CL16,DDR4-3200,64,1
Corsair Vengeance LED red DDR4-2666  CL16,DDR4-2666,16,2
Corsair Vengeance LED red DDR4-3000  CL15,DDR4-3000,16,2
Corsair Vengeance LED red DDR4-3000  CL15,DDR4-3000,32,4
Corsair Vengeance LED red DDR4-3000  CL15,DDR4-3000,32,1
Corsair Vengeance LED red DDR4-3200  CL16,DDR4-3200,32,1
Corsair Vengeance LED red DDR4-3200  CL16,DDR4-3200,64,1
Corsair Vengeance LED red DDR4-3200  CL16,DDR4-3200,32,4
Corsair Vengeance LED red DDR4-3400  CL16,DDR4-3400,32,4
Corsair Vengeance LED red DDR4-3466  CL16,DDR4-3466,32,4
Corsair Vengeance LED Series,DDR4-2666,16,2
Corsair Vengeance LED white DDR4-3000  CL15,DDR4-3000,16,2
Corsair Vengeance LED white DDR4-3000  CL15,DDR4-3000,32,1
Corsair Vengeance LED white DDR4-3000  CL15,DDR4-3000,32,4
Corsair Vengeance LED white DDR4-3200  CL16,DDR4-3200,64,1
Corsair Vengeance LED white DDR4-3400  CL16,DDR4-3400,32,4
Corsair Vengeance LED white DDR4-3466  CL16,DDR4-3466,32,4
Corsair Vengeance LP DDR3-1600 CL10,DDR3-1600,8,1
Corsair Vengeance LP DDR3-1600 CL9,DDR3-1600,4,1
Corsair Vengeance LPX,DDR4-3200,16,2
Corsair Vengeance LPX Black DDR4-2133  CL13,DDR4-2133,32,4
Corsair Vengeance LPX Black DDR4-2800  CL14,DDR4-2800,32,4
Corsair Vengeance LPX Black DDR4-3200  CL16,DDR4-3200,32,4
Corsair Vengeance LPX blue DDR4-2133  CL13,DDR4-2133,16,4
Corsair Vengeance LPX Blue DDR4-2400  CL14,DDR4-2400,16,4
Corsair Vengeance LPX DDR4-2800 CL14   black,DDR4-2800,64,1
Corsair Vengeance LPX DDR4-2800 CL16  - blue,DDR4-2800,16,4
Corsair Vengeance LPX DDR4-2800 CL16  - red,DDR4-2800,16,4
Corsair Vengeance LPX DDR4-2800 CL16  - black,DDR4-2800,16,4
Corsair Vengeance LPX DDR4-2800 red CL16,DDR4-2800,8,2
Corsair Vengeance LPX DDR4-2800 black CL16,DDR4-2800,8,2
Corsair Vengeance LPX DDR4-2800 black CL16,DDR4-2800,32,1
"Corsair Vengeance LPX red + AF, DDR4-3600, CL 16 - 32 GB Quad Kit",DDR4-3600,32,4
"Corsair Vengeance LPX red + AF, DDR4-3600, CL 18 - 32 GB Quad Kit",DDR4-3600,32,4
"Corsair Vengeance LPX red + AF, DDR4-3600, CL 18 - 8 GB Dual Kit",DDR4-3600,8,2
"Corsair Vengeance LPX red + AF, DDR4-3733, CL 17 - 16 GB Dual Kit",DDR4-3733,16,2
"Corsair Vengeance LPX red + AF, DDR4-3733, CL 17 - 32 GB Quad Kit",DDR4-3733,32,4
"Corsair Vengeance LPX red + AF, DDR4-3866, CL 18 - 16 GB Quad Kit",DDR4-3866,16,4
"Corsair Vengeance LPX red + AF, DDR4-3866, CL 18 - 8 GB Dual Kit",DDR4-3866,8,2
"Corsair Vengeance LPX red + AF, DDR4-4000, CL 19 - 16 GB Dual Kit",DDR4-4000,16,2
"Corsair Vengeance LPX red + AF, DDR4-4000, CL 19 - 8 GB Dual Kit",DDR4-4000,8,2
"Corsair Vengeance LPX red + AF, DDR4-4133, CL 19 - 8 GB Dual Kit",DDR4-4133,8,2
"Corsair Vengeance LPX red + AF, DDR4-4200, CL 19 - 8 GB Dual Kit",DDR4-4200,8,2
"Corsair Vengeance LPX red + AF, DDR4-4266, CL 19 - 8 GB Dual Kit",DDR4-4266,8,2
Corsair Vengeance LPX red DDR4-2133  CL13,DDR4-2133,64,1
Corsair Vengeance LPX red DDR4-2133MHz CL13,DDR4-2133,8,2
Corsair Vengeance LPX red DDR4-3200  CL16,DDR4-3200,32,1
Corsair Vengeance LPX red DDR4-3200MHz CL16,DDR4-3200,8,2
Corsair Vengeance LPX black,DDR4-3200,16,2
Corsair Vengeance LPX black,DDR4-3600,16,2
Corsair Vengeance LPX black,DDR4-3600,16,2
Corsair Vengeance LPX black,DDR4-3200,32,2
Corsair Vengeance LPX black,DDR4-2400,16,2
Corsair Vengeance LPX black,DDR4-3200,64,2
Corsair Vengeance LPX black,DDR4-3000,64,2
Corsair Vengeance LPX black,DDR4-3200,64,4
Corsair Vengeance LPX black,DDR4-2666,128,4
Corsair Vengeance LPX black,DDR4-3200,64,4
Corsair Vengeance LPX black + AF,DDR4-3600,32,4
"Corsair Vengeance LPX black + AF, DDR4-3600, CL 18 - 16 GB Quad Kit",DDR4-3600,16,4
"Corsair Vengeance LPX black + AF, DDR4-3600, CL 18 - 8 GB Dual Kit",DDR4-3600,8,2
"Corsair Vengeance LPX black + AF, DDR4-3733, CL 17 - 16 GB Quad Kit",DDR4-3733,16,4
"Corsair Vengeance LPX black + AF, DDR4-3733, CL 17 - 8 GB Dual Kit",DDR4-3733,8,2
"Corsair Vengeance LPX black + AF, DDR4-4000, CL 19 - 8 GB Dual Kit",DDR4-4000,8,2
"Corsair Vengeance LPX black + AF, DDR4-4133, CL 19 - 8 GB Dual Kit",DDR4-4133,8,2
"Corsair Vengeance LPX black + AF, DDR4-4200, CL 19 - 8 GB Dual Kit",DDR4-4200,8,2
Corsair Vengeance LPX black DDR4-2133  CL13,DDR4-2133,64,1
Corsair Vengeance LPX black DDR4-2133MHz CL13,DDR4-2133,8,2
Corsair Vengeance LPX Series blue DDR4-2666,DDR4-2666,32,4
Corsair Vengeance LPX Series red,DDR4-3000,32,2
Corsair Vengeance LPX Series red DDR4-2400,DDR4-2400,8,2
Corsair Vengeance LPX Series red DDR4-2666,DDR4-2666,16,2
Corsair Vengeance LPX Series red DDR4-2666,DDR4-2666,32,4
"Corsair Vengeance LPX Series red DDR4-2666, CL16 - 8 GB Kit",DDR4-2666,8,2
Corsair Vengeance LPX Series red DDR4-3000,DDR4-3000,16,2
"Corsair Vengeance LPX Series red DDR4-3200, CL16 - 16 GB Kit",DDR4-3200,16,4
Corsair Vengeance LPX Series black,DDR4-2666,16,1
Corsair Vengeance LPX Series black,DDR4-3000,16,2
Corsair Vengeance LPX Series black,DDR4-2666,32,2
Corsair Vengeance LPX Series black,DDR4-2666,64,2
Corsair Vengeance LPX Series black DDR4-2133,DDR4-2133,16,2
Corsair Vengeance LPX Series black DDR4-2133,DDR4-2133,32,2
Corsair Vengeance LPX Series black DDR4-2400,DDR4-2400,8,2
Corsair Vengeance LPX Series black DDR4-2400,DDR4-2400,16,2
Corsair Vengeance LPX Series black DDR4-2400,DDR4-2400,16,4
Corsair Vengeance LPX Series black DDR4-2400,DDR4-2400,128,8
Corsair Vengeance LPX Series black DDR4-2666,DDR4-2666,8,2
Corsair Vengeance LPX Series black DDR4-2666,DDR4-2666,16,2
Corsair Vengeance LPX Series black DDR4-2666,DDR4-2666,16,4
Corsair Vengeance LPX Series black DDR4-2666,DDR4-2666,32,4
Corsair Vengeance LPX Series black DDR4-3000,DDR4-3000,8,2
Corsair Vengeance LPX Series black DDR4-3000,DDR4-3000,32,2
"Corsair Vengeance LPX Series black DDR4-3200, CL16 - 16 GB Kit",DDR4-3200,16,4
Corsair Vengeance LPX Series white,DDR4-2666,16,2
Corsair Vengeance LPX Series white,DDR4-3000,16,2
Corsair Vengeance LPX Series white,DDR4-3000,16,2
Corsair Vengeance LPX Series white,DDR4-3000,32,2
Corsair Vengeance LPX Series white,DDR4-2666,32,2
Corsair Vengeance LPX Series white,DDR4-2666,64,4
Corsair Vengeance Pro Blue DDR3-1600 CL9,DDR3-1600,16,2
Corsair Vengeance Pro DDR3-2400 CL11,DDR3-2400,8,2
Corsair Vengeance Pro Gold DDR3-2133 CL11,DDR3-2133,16,2
Corsair Vengeance Pro Gold DDR3-2400 CL11,DDR3-2400,16,2
Corsair Vengeance Pro Red DDR3-1600 CL9,DDR3-1600,16,2
Corsair Vengeance Pro red DDR3-2400 CL11,DDR3-2400,8,2
Corsair Vengeance Pro Silver DDR3-1600 CL9,DDR3-1600,16,2
Corsair Vengeance RGB,DDR5-5600,32,2
Corsair Vengeance RGB,DDR5-6400,32,2
Corsair Vengeance RGB,DDR5-6800,32,2
Corsair Vengeance RGB,DDR5-5200,48,2
Corsair Vengeance RGB,DDR5-5600,48,2
Corsair Vengeance RGB,DDR5-5600,64,2
Corsair Vengeance RGB,DDR5-7000,48,2
Corsair Vengeance RGB,DDR5-5200,96,2
Corsair Vengeance RGB,DDR5-7000,32,2
Corsair Vengeance RGB,DDR5-5600,96,2
Corsair Vengeance RGB,DDR5-6200,64,4
Corsair Vengeance RGB,DDR5-6400,64,4
Corsair Vengeance RGB,DDR5-7200,32,2
Corsair Vengeance RGB,DDR5-6600,64,4
Corsair Vengeance RGB,DDR5-6000,64,2
Corsair Vengeance RGB,DDR5-5200,192,4
Corsair Vengeance RGB Pro,DDR4-3600,16,2
Corsair Vengeance RGB Pro,DDR4-3600,16,2
Corsair Vengeance RGB Pro,DDR4-3600,32,2
Corsair Vengeance RGB Pro black,DDR4-3600,16,2
Corsair Vengeance RGB Pro black,DDR4-3000,32,2
Corsair Vengeance RGB Pro black,DDR4-3200,32,2
Corsair Vengeance RGB Pro black,DDR4-3600,64,2
Corsair Vengeance RGB Pro black,DDR4-3200,64,2
Corsair Vengeance RGB Pro black,DDR4-3000,64,2
Corsair Vengeance RGB Pro Series black,DDR4-3200,16,2
Corsair Vengeance RGB Pro Series black,DDR4-2666,16,2
Corsair Vengeance RGB Pro Series black,DDR4-2933,16,2
Corsair Vengeance RGB Pro Series black,DDR4-3000,16,2
Corsair Vengeance RGB Pro Series black,DDR4-2666,32,2
Corsair Vengeance RGB Pro Series black,DDR4-2933,32,2
Corsair Vengeance RGB Pro Series black,DDR4-4000,16,2
Corsair Vengeance RGB Pro Series black,DDR4-3200,32,4
Corsair Vengeance RGB Pro Series black,DDR4-3000,32,2
Corsair Vengeance RGB Pro Series black,DDR4-3600,32,4
Corsair Vengeance RGB Pro Series black,DDR4-2933,32,4
Corsair Vengeance RGB Pro Series black,DDR4-2666,32,4
Corsair Vengeance RGB Pro Series black,DDR4-3000,32,4
Corsair Vengeance RGB Pro Series black,DDR4-2933,64,4
Corsair Vengeance RGB Pro Series black,DDR4-3000,64,4
Corsair Vengeance RGB Pro Series black,DDR4-3200,64,4
Corsair Vengeance RGB Pro Series black,DDR4-2666,64,4
Corsair Vengeance RGB Pro Series black,DDR4-3200,32,4
Corsair Vengeance RGB Pro Series black,DDR4-3466,64,4
Corsair Vengeance RGB Pro Series black,DDR4-3600,64,4
Corsair Vengeance RGB Pro Series black,DDR4-3733,32,4
Corsair Vengeance RGB Pro Series black,DDR4-4266,32,4
Corsair Vengeance RGB Pro Series white,DDR4-3000,64,8
Corsair Vengeance RGB Pro Series white,DDR4-3466,64,4
Corsair Vengeance RGB Pro Series white,DDR4-3000,64,4
Corsair Vengeance RGB Pro Series white,DDR4-2666,16,2
Corsair Vengeance RGB Pro Series white,DDR4-3000,16,2
Corsair Vengeance RGB Pro Series white,DDR4-2666,32,2
Corsair Vengeance RGB Pro Series white,DDR4-3200,32,4
Corsair Vengeance RGB Pro Series white,DDR4-3000,32,2
Corsair Vengeance RGB Pro Series white,DDR4-3600,32,4
Corsair Vengeance RGB Pro Series white,DDR4-2666,32,4
Corsair Vengeance RGB Pro Series white,DDR4-3200,32,2
Corsair Vengeance RGB Pro Series white,DDR4-3000,32,4
Corsair Vengeance RGB Pro Series white,DDR4-2666,64,4
Corsair Vengeance RGB Pro Series white,DDR4-2666,64,4
Corsair Vengeance RGB Pro Series white,DDR4-3200,64,4
Corsair Vengeance RGB Pro Series white,DDR4-3200,64,4
Corsair Vengeance RGB Pro Series white,DDR4-3600,64,4
Corsair Vengeance RGB Pro Series white,DDR4-3600,64,8
Corsair Vengeance RGB Pro SL,DDR4-3200,16,2
Corsair Vengeance RGB Pro SL,DDR4-3200,16,2
Corsair Vengeance RGB Pro SL,DDR4-3600,16,2
Corsair Vengeance RGB Pro SL,DDR4-3600,16,2
Corsair Vengeance RGB Pro SL,DDR4-3200,32,2
Corsair Vengeance RGB Pro SL,DDR4-3600,32,2
Corsair Vengeance RGB Pro SL,DDR4-3200,32,2
Corsair Vengeance RGB Pro SL,DDR4-3600,32,2
Corsair Vengeance RGB Pro SL,DDR4-3200,32,4
Corsair Vengeance RGB Pro SL,DDR4-3600,32,4
Corsair Vengeance RGB Pro SL,DDR4-3200,128,4
Corsair Vengeance RGB Pro SL DDR4-3200,DDR4-3200,32,4
Corsair Vengeance RGB Pro SL für AMD Ryzen,DDR4-3200,16,2
Corsair Vengeance RGB Pro SL für AMD Ryzen,DDR4-3600,16,2
Corsair Vengeance RGB Pro SL für AMD Ryzen,DDR4-3600,32,2
Corsair Vengeance RGB Pro SL für AMD Ryzen,DDR4-3200,32,2
Corsair Vengeance RGB RS,DDR4-3200,16,2
Corsair Vengeance RGB RS,DDR4-3600,16,2
Corsair Vengeance RGB RS,DDR4-3200,32,2
Corsair Vengeance RGB RS,DDR4-3600,32,2
Corsair Vengeance RGB RS,DDR4-3200,32,4
Corsair Vengeance RGB RS,DDR4-3600,32,4
Corsair Vengeance RGB RS,DDR4-3200,64,2
Corsair Vengeance RGB RS,DDR4-3600,64,2
Corsair Vengeance RGB RS,DDR4-3200,64,4
Corsair Vengeance RGB RS,DDR4-3200,128,4
Corsair Vengeance RGB RT,DDR4-3200,16,2
Corsair Vengeance RGB RT,DDR4-3600,16,2
Corsair Vengeance RGB RT,DDR4-3600,16,2
Corsair Vengeance RGB RT,DDR4-3200,16,2
Corsair Vengeance RGB RT,DDR4-3600,16,2
Corsair Vengeance RGB RT,DDR4-3200,32,2
Corsair Vengeance RGB RT,DDR4-3200,32,2
Corsair Vengeance RGB RT,DDR4-4000,16,2
Corsair Vengeance RGB RT,DDR4-3600,32,2
Corsair Vengeance RGB RT,DDR4-3600,32,2
Corsair Vengeance RGB RT,DDR4-3600,32,2
Corsair Vengeance RGB RT,DDR4-3200,32,4
Corsair Vengeance RGB RT,DDR4-3200,32,4
Corsair Vengeance RGB RT,DDR4-3600,32,4
Corsair Vengeance RGB RT,DDR4-3600,32,4
Corsair Vengeance RGB RT,DDR4-3200,64,2
Corsair Vengeance RGB RT,DDR4-4000,32,2
Corsair Vengeance RGB RT,DDR4-4600,32,2
Corsair Vengeance RGB RT,DDR4-3200,64,2
Corsair Vengeance RGB RT,DDR4-3600,64,2
Corsair Vengeance RGB RT,DDR4-3600,64,4
Corsair Vengeance RGB RT,DDR4-3200,64,4
Corsair Vengeance RGB RT,DDR4-3200,64,4
Corsair Vengeance RGB RT,DDR4-3600,128,4
Corsair Vengeance RGB RT,DDR4-3200,128,4
Corsair Vengeance RGB Series black,DDR4-3333,64,4
Corsair Vengeance RGB Series white,DDR4-3200,32,4
Corsair XMS DDR3-1600 CL9   für Core i5/i7,DDR3-1600,4,2
Corsair XMS3 DDR3-1333 CL9,DDR3-1333,8,1
Corsair XMS3 DDR3-1333 CL9,DDR3-1333,4,2
Corsair XMS3 DDR3-1333 CL9,DDR3-1333,8,2
Corsair XMS3 DDR3-1333 CL9   für AMD/Core i3/i5/i7,DDR3-1333,4,1
Corsair XMS3 DDR3-1600 CL9,DDR3-1600,8,2
Corsair — 12GB Triple Channel DDR3 Memory Kit,DDR3-2000,12,3
Corsair — 16GB Dual Channel DDR3 Memory Kit,DDR3-1600,16,2
Corsair — 16GB Dual Channel DDR3 Memory Kit,DDR3-1600,16,2
Corsair — 16GB Dual Channel DDR3 Memory Kit,DDR3-1866,16,2
Corsair — 16GB Dual Channel DDR3 Memory Kit,DDR3-2133,16,2
Corsair — 16GB Dual Channel DDR3 Memory Kit,DDR3-1866,16,2
Corsair — 16GB Dual/Quad Channel DDR3 Memory Kit,DDR3-2133,16,4
Corsair — 16GB Dual/Quad Channel DDR3 Memory Kit,DDR3-1600,16,4
Corsair — 16GB Dual/Quad Channel DDR3 Memory Kit,DDR3-2133,16,4
Corsair — 16GB Dual/Quad Channel DDR3 Memory Kit,DDR3-1866,16,4
Corsair — 16GB Dual/Quad Channel DDR3 Memory Kit,DDR3-1866,16,4
Corsair — 16GB Dual/Quad Channel DDR3 Memory Kit,DDR3-1600,16,4
Corsair — 24GB Triple Channel DDR3 Memory Kit,DDR3-1600,24,6
Corsair — 32GB Dual/Quad Channel DDR3 Memory Kit,DDR3-1600,32,4
Corsair — 4GB Dual Channel DDR3 Memory Kit,DDR3-1600,4,2
Corsair — 4GB Dual Channel DDR3 Memory Kit,DDR3-2000,4,2
Corsair — 4GB Single Module DDR3 Memory Kit,DDR3-1600,4,1
Corsair — 64GB Quad Channel DDR3 Memory Kit,DDR3-1866,64,8
Corsair — 64GB Quad Channel DDR3 Memory Kit,DDR3-1600,64,8
Corsair — 8GB 1.5V Dual Channel DDR3 Memory Kit,DDR3-2133,8,2
Corsair — 8GB DDR3 Memory Kit,DDR3-1866,8,1
Corsair — 8GB DDR3 Memory Kit,DDR3-1600,8,1
Corsair — 8GB Dual Channel DDR3 Memory Kit,DDR3-1600,8,2
Corsair — 8GB Dual Channel DDR3 Memory Kit,DDR3-1600,8,2
Corsair — 8GB Dual Channel DDR3 Memory Kit,DDR3-1866,8,2
Corsair — 8GB Dual Channel DDR3 Memory Kit,DDR3-1600,8,2
Corsair — 8GB Dual Channel DDR3 Memory Kit,DDR3-1600,8,2
Crucial Ballistix Elite DDR3-1600 CL8,DDR3-1600,8,2
Crucial Ballistix Elite DDR4-3000 CL15,DDR4-3000,8,1
Crucial Ballistix Elite DDR4-3200 CL16,DDR4-3200,4,1
Crucial Ballistix Elite series,DDR4-4000,8,1
Crucial Ballistix Elite series,DDR4-4000,16,2
Crucial Ballistix Elite series,DDR4-3600,32,4
"Crucial Ballistix Elite Series DDR4-2666, CL16 - 16 GB Kit",DDR4-2666,16,2
"Crucial Ballistix Elite Series DDR4-2666, CL16 - 8 GB Kit",DDR4-2666,8,2
"Crucial Ballistix Elite Series, DDR4-3000, CL15 - 8 GB Kit",DDR4-3000,8,2
"Crucial Ballistix Elite Series, DDR4-3200, CL16 - 8 GB Kit",DDR4-3200,8,2
Crucial Ballistix Max RGB black,DDR4-4400,32,2
Crucial Ballistix Sport AT,DDR4-3000,16,2
Crucial Ballistix Sport AT,DDR4-2666,64,4
Crucial Ballistix Sport AT,DDR4-3000,32,4
Crucial Ballistix Sport AT,DDR4-2666,16,2
Crucial Ballistix Sport AT,DDR4-3000,16,1
Crucial Ballistix Sport AT,DDR4-3000,8,1
Crucial Ballistix Sport AT,DDR4-2666,8,1
Crucial Ballistix Sport AT,DDR4-2666,16,1
Crucial Ballistix Sport AT,DDR4-2666,16,2
Crucial Ballistix Sport AT,DDR4-2666,32,2
Crucial Ballistix Sport AT,DDR4-2666,32,4
Crucial Ballistix Sport AT series,DDR4-3200,32,4
Crucial Ballistix Sport AT series,DDR4-3200,8,1
Crucial Ballistix Sport AT series,DDR4-3200,16,1
Crucial Ballistix Sport AT series,DDR4-3200,64,4
Crucial Ballistix Sport LT grey DDR4-2666 CL16,DDR4-2666,8,2
Crucial Ballistix Sport LT Series grey,DDR4-3000,16,2
Crucial Ballistix Sport LT Series grey,DDR4-3000,32,2
Crucial Ballistix Sport LT Series grey,DDR4-3000,16,1
Crucial Ballistix Sport LT series grey,DDR4-3200,64,4
Crucial Ballistix Sport LT series grey,DDR4-3000,64,4
Crucial Ballistix Sport LT series grey,DDR4-3200,16,1
Crucial Ballistix Sport LT Series grey,DDR4-3000,32,4
Crucial Ballistix Sport LT series grey,DDR4-3000,32,2
Crucial Ballistix Sport LT Series grey,DDR4-3000,8,1
Crucial Ballistix Sport LT series grey,DDR4-3200,8,1
Crucial Ballistix Sport LT Series grey,DDR4-2400,4,1
Crucial Ballistix Sport LT series grey,DDR4-3000,8,1
Crucial Ballistix Sport LT Series grey,DDR4-2400,16,1
Crucial Ballistix Sport LT series grey,DDR4-3000,16,1
Crucial Ballistix Sport LT series grey,DDR4-3000,16,2
Crucial Ballistix Sport LT series grey,DDR4-3000,32,2
Crucial Ballistix Sport LT series grey,DDR4-3200,32,4
Crucial Ballistix Sport LT Series grey DDR4-2400,DDR4-2400,8,1
Crucial Ballistix Sport LT Series grey DDR4-2400,DDR4-2400,8,2
Crucial Ballistix Sport LT Series grey DDR4-2400,DDR4-2400,16,4
"Crucial Ballistix Sport LT Series grey DDR4-2400, CL16 - 16 GB Kit",DDR4-2400,16,4
Crucial Ballistix Sport LT Series grey DDR4-2666,DDR4-2666,16,2
Crucial Ballistix Sport LT Series grey DDR4-2666,DDR4-2666,8,1
Crucial Ballistix Sport LT Series grey DDR4-2666,DDR4-2666,16,2
Crucial Ballistix Sport LT series red,DDR4-3200,64,4
Crucial Ballistix Sport LT series red,DDR4-3200,8,1
Crucial Ballistix Sport LT series red,DDR4-3200,32,4
Crucial Ballistix Sport LT series red,DDR4-3000,16,2
Crucial Ballistix Sport LT series red,DDR4-3000,8,1
Crucial Ballistix Sport LT Series red,DDR4-2666,4,1
Crucial Ballistix Sport LT Series red,DDR4-2400,4,1
Crucial Ballistix Sport LT Series red,DDR4-2666,8,1
Crucial Ballistix Sport LT Series red,DDR4-2400,8,2
Crucial Ballistix Sport LT Series red,DDR4-2400,16,2
Crucial Ballistix Sport LT Series red,DDR4-2400,16,1
Crucial Ballistix Sport LT Series red,DDR4-2666,16,1
Crucial Ballistix Sport LT Series red,DDR4-2400,16,4
Crucial Ballistix Sport LT series red,DDR4-3000,16,1
Crucial Ballistix Sport LT series red,DDR4-3200,16,1
Crucial Ballistix Sport LT Series red,DDR4-2666,16,4
Crucial Ballistix Sport LT series red,DDR4-3000,32,4
Crucial Ballistix Sport LT series red,DDR4-3000,32,2
Crucial Ballistix Sport LT series red,DDR4-3000,64,4
"Crucial Ballistix Sport LT Series red, DDR4-2400, CL16 - 16 GB Kit",DDR4-2400,16,4
Crucial Ballistix Sport LT series white,DDR4-3200,8,1
Crucial Ballistix Sport LT Series white,DDR4-2400,4,1
Crucial Ballistix Sport LT series white,DDR4-3000,8,1
Crucial Ballistix Sport LT Series white,DDR4-2400,16,1
Crucial Ballistix Sport LT Series white,DDR4-2666,16,1
Crucial Ballistix Sport LT series white,DDR4-3000,16,2
Crucial Ballistix Sport LT series white,DDR4-3000,16,1
Crucial Ballistix Sport LT series white,DDR4-3200,16,1
Crucial Ballistix Sport LT series white,DDR4-3000,32,4
Crucial Ballistix Sport LT series white,DDR4-3000,32,2
Crucial Ballistix Sport LT series white,DDR4-3000,64,4
Crucial Ballistix Sport LT Series white DDR4-2400,DDR4-2400,16,2
Crucial Ballistix Sport LT Series white DDR4-2400,DDR4-2400,8,2
Crucial Ballistix Sport LT Series white DDR4-2400,DDR4-2400,32,2
Crucial Ballistix Sport LT white DDR4-2666 CL16,DDR4-2666,8,2
"Crucial Ballistix Sport Series DDR4-2400, CL16 - 16 GB Kit",DDR4-2400,16,4
Crucial Ballistix Sport XT DDR3-1600 CL9,DDR3-1600,8,2
Crucial Ballistix Tactical DDR3-1600 CL8,DDR3-1600,16,2
Crucial Ballistix Tactical DDR3-1600 CL8,DDR3-1600,8,2
Crucial Ballistix Tactical LP DDR3-1600 CL8,DDR3-1600,16,4
Crucial Ballistix Tactical LP DDR3-2133 CL10,DDR3-2133,8,1
Crucial Ballistix Tactical Tracer RGB,DDR4-2666,64,4
Crucial Ballistix Tactical Tracer RGB,DDR4-3200,8,1
Crucial Ballistix Tactical Tracer RGB,DDR4-2666,32,4
Crucial Ballistix Tactical Tracer RGB,DDR4-2666,32,4
"Crucial Ballistix Tactical, DDR4-3000, CL15 - 8 GB Kit",DDR4-3000,8,2
Crucial DDR4-2133 CL15,DDR4-2133,8,2
Crucial DDR4-2133 CL15,DDR4-2133,16,4
Crucial DDR4-2133 CL15,DDR4-2133,16,1
Crucial DDR4-2133 CL15,DDR4-2133,32,1
Crucial DDR4-2133 CL15   Reg. ECC,DDR4-2133,32,1
Crucial DDR4-2133 CL15   Reg. ECC,DDR4-2133,16,2
Crucial DDR4-2133 CL15   Reg. ECC,DDR4-2133,8,2
Crucial DDR4-2133 CL15   Reg. ECC,DDR4-2133,8,1
Crucial DDR4-2133 CL15   Reg. ECC,DDR4-2133,16,1
Crucial DDR4-2133 CL15  U,DDR4-2133,16,2
Crucial Value Series DDR4-2133,DDR4-2133,64,4
Crucial Value Series DDR4-2400,DDR4-2400,4,1
"Crucial Value Series, DDR4-2133, CL15 - 32 GB Kit",DDR4-2133,32,4
G.Skill Aegis,DDR4-3200,8,1
G.Skill Aegis,DDR4-3200,16,1
G.Skill Aegis DDR4 DDR4-2133 16GB,DDR4-2133,16,4
G.Skill Aegis DDR4 DDR4-2133 16GB,DDR4-2133,16,1
G.Skill Aegis DDR4 DDR4-2133 32GB,DDR4-2133,32,4
G.Skill Aegis DDR4 DDR4-2133 64GB,DDR4-2133,64,4
G.Skill Aegis DDR4 DDR4-2133 8GB,DDR4-2133,8,2
G.Skill Aegis DDR4 DDR4-2400 16GB,DDR4-2400,16,1
G.Skill Aegis DDR4 DDR4-2400 16GB,DDR4-2400,16,4
G.Skill Aegis DDR4 DDR4-2400 32GB,DDR4-2400,32,4
G.Skill Aegis DDR4 DDR4-2400 8GB,DDR4-2400,8,2
G.Skill Aegis DDR4 DDR4-2800 16GB,DDR4-2800,16,2
G.Skill Aegis DDR4 DDR4-2800 8GB,DDR4-2800,8,1
G.Skill AEGIS Series,DDR4-2400,64,4
G.Skill AEGIS Series,DDR4-3000,16,1
G.Skill AEGIS Series,DDR4-2400,8,1
G.Skill Aegis Series,DDR4-3200,16,2
G.Skill AEGIS Series,DDR4-3000,32,2
G.Skill Aegis Series,DDR4-3200,32,2
G.Skill AEGIS Series,DDR4-2400,16,2
G.Skill Flare X (for AMD) DDR4-2133 16GB,DDR4-2133,16,2
G.Skill Flare X (for AMD) DDR4-2133 32GB,DDR4-2133,32,2
G.Skill Flare X (for AMD) DDR4-2133 32GB,DDR4-2133,32,2
G.Skill Flare X (for AMD) DDR4-2133 32GB,DDR4-2133,32,4
G.Skill Flare X (for AMD) DDR4-2133 32GB,DDR4-2133,32,4
G.Skill Flare X (for AMD) DDR4-2400 16GB,DDR4-2400,16,2
G.Skill Flare X (for AMD) DDR4-2400 16GB,DDR4-2400,16,2
G.Skill Flare X (for AMD) DDR4-2400 16GB,DDR4-2400,16,2
G.Skill Flare X (for AMD) DDR4-2400 32GB,DDR4-2400,32,4
G.Skill Flare X (for AMD) DDR4-2400 32GB,DDR4-2400,32,2
G.Skill Flare X Series,DDR4-2400,32,2
G.Skill Flare X Series,DDR4-2400,64,4
G.Skill Flare X Series,DDR4-2400,64,4
G.Skill Flare X Series,DDR4-2400,32,4
G.Skill Flare X Series,DDR4-3200,32,4
G.Skill Flare X Series red,DDR4-2400,16,2
"G.Skill Flare X Series red, DDR4-2400 für Ryzen, CL 15 - 32 GB Quad-Kit",DDR4-2400,32,4
"G.Skill Flare X Series red, DDR4-2400 für Ryzen, CL 15 - 64 GB Quad-Kit",DDR4-2400,64,4
"G.Skill Flare X Series red, DDR4-2400 für Ryzen, CL 16 - 32 GB Dual-Kit",DDR4-2400,32,2
"G.Skill Flare X Series red, DDR4-2400 für Ryzen, CL 16 - 64 GB Quad-Kit",DDR4-2400,64,4
G.Skill Flare X Series black,DDR4-2400,32,2
G.Skill Flare X Series black,DDR4-2400,32,4
G.Skill Flare X5,DDR5-6000,32,2
G.Skill FORTIS (for AMD) DDR4-2133 32GB,DDR4-2133,32,4
G.Skill FORTIS (for AMD) DDR4-2400 16GB,DDR4-2400,16,2
G.Skill FORTIS (for AMD) DDR4-2400 32GB,DDR4-2400,32,4
G.Skill FORTIS (for AMD) DDR4-2400 32GB,DDR4-2400,32,2
G.Skill FORTIS (for AMD) DDR4-2400 64GB,DDR4-2400,64,4
G.Skill Fortis Series,DDR4-2400,16,2
G.Skill Fortis Series,DDR4-2400,64,4
"G.Skill Fortis Series black, DDR4-2400 für Ryzen, CL 15 - 32 GB Dual-Kit",DDR4-2400,32,2
"G.Skill Fortis Series black, DDR4-2400 für Ryzen, CL 16 - 32 GB Quad-Kit",DDR4-2400,32,4
G.Skill NQ-Red DDR3-1600 CL9,DDR3-1600,4,2
G.Skill Ripjaws 4 blue DDR4-3000 CL15,DDR4-3000,16,2
G.Skill Ripjaws 4 DDR4-2133 16GB,DDR4-2133,16,4
G.Skill Ripjaws 4 DDR4-2133 16GB,DDR4-2133,16,2
G.Skill Ripjaws 4 DDR4-2133 32GB,DDR4-2133,32,4
G.Skill Ripjaws 4 DDR4-2133 32GB,DDR4-2133,32,4
G.Skill Ripjaws 4 DDR4-2133 64GB,DDR4-2133,64,8
G.Skill Ripjaws 4 DDR4-2133 64GB,DDR4-2133,64,8
G.Skill Ripjaws 4 DDR4-2133 8GB,DDR4-2133,8,2
G.Skill Ripjaws 4 DDR4-2133 CL15,DDR4-2133,16,4
G.Skill Ripjaws 4 DDR4-2133 CL15,DDR4-2133,64,8
G.Skill Ripjaws 4 DDR4-2133 CL15,DDR4-2133,32,4
G.Skill Ripjaws 4 DDR4-2133 CL15,DDR4-2133,64,8
G.Skill Ripjaws 4 DDR4-2133 CL15,DDR4-2133,32,4
G.Skill Ripjaws 4 DDR4-2133 CL15,DDR4-2133,16,4
G.Skill Ripjaws 4 DDR4-2133 CL15,DDR4-2133,8,2
G.Skill Ripjaws 4 DDR4-2400 128GB,DDR4-2400,128,8
G.Skill Ripjaws 4 DDR4-2400 16GB,DDR4-2400,16,4
G.Skill Ripjaws 4 DDR4-2400 16GB,DDR4-2400,16,4
G.Skill Ripjaws 4 DDR4-2400 16GB,DDR4-2400,16,4
G.Skill Ripjaws 4 DDR4-2400 16GB,DDR4-2400,16,4
G.Skill Ripjaws 4 DDR4-2400 16GB,DDR4-2400,16,2
G.Skill Ripjaws 4 DDR4-2400 32GB,DDR4-2400,32,4
G.Skill Ripjaws 4 DDR4-2400 32GB,DDR4-2400,32,4
G.Skill Ripjaws 4 DDR4-2400 32GB,DDR4-2400,32,4
G.Skill Ripjaws 4 DDR4-2400 64GB,DDR4-2400,64,8
G.Skill Ripjaws 4 DDR4-2400 8GB,DDR4-2400,8,2
G.Skill Ripjaws 4 DDR4-2666 16GB,DDR4-2666,16,4
G.Skill Ripjaws 4 DDR4-2666 16GB,DDR4-2666,16,4
G.Skill Ripjaws 4 DDR4-2666 16GB,DDR4-2666,16,2
G.Skill Ripjaws 4 DDR4-2666 32GB,DDR4-2666,32,4
G.Skill Ripjaws 4 DDR4-2666 32GB,DDR4-2666,32,4
G.Skill Ripjaws 4 DDR4-2666 32GB,DDR4-2666,32,4
G.Skill Ripjaws 4 DDR4-2666 64GB,DDR4-2666,64,8
G.Skill Ripjaws 4 DDR4-2666 8GB,DDR4-2666,8,2
G.Skill Ripjaws 4 DDR4-2800 128GB,DDR4-2800,128,8
G.Skill Ripjaws 4 DDR4-2800 16GB,DDR4-2800,16,2
G.Skill Ripjaws 4 DDR4-2800 16GB,DDR4-2800,16,4
G.Skill Ripjaws 4 DDR4-2800 32GB,DDR4-2800,32,4
G.Skill Ripjaws 4 DDR4-2800 32GB,DDR4-2800,32,4
G.Skill Ripjaws 4 DDR4-2800 64GB,DDR4-2800,64,8
G.Skill Ripjaws 4 DDR4-2800 8GB,DDR4-2800,8,2
G.Skill Ripjaws 4 DDR4-3000 16GB,DDR4-3000,16,2
G.Skill Ripjaws 4 DDR4-3000 16GB,DDR4-3000,16,2
G.Skill Ripjaws 4 DDR4-3000 16GB,DDR4-3000,16,4
G.Skill Ripjaws 4 DDR4-3000 16GB,DDR4-3000,16,4
G.Skill Ripjaws 4 DDR4-3000 32GB,DDR4-3000,32,4
G.Skill Ripjaws 4 DDR4-3000 32GB,DDR4-3000,32,4
G.Skill Ripjaws 4 DDR4-3000 32GB,DDR4-3000,32,8
G.Skill Ripjaws 4 DDR4-3000 8GB,DDR4-3000,8,2
G.Skill Ripjaws 4 DDR4-3000 8GB,DDR4-3000,8,2
G.Skill Ripjaws 4 DDR4-3000 CL15,DDR4-3000,16,2
G.Skill Ripjaws 4 DDR4-3000 CL15,DDR4-3000,16,4
G.Skill Ripjaws 4 DDR4-3000 CL15,DDR4-3000,16,4
G.Skill Ripjaws 4 DDR4-3200 8GB,DDR4-3200,8,2
G.Skill Ripjaws 4 DDR4-3200 8GB,DDR4-3200,8,2
G.Skill Ripjaws 4 DDR4-3300 16GB,DDR4-3300,16,4
G.Skill Ripjaws 4 DDR4-3300 16GB,DDR4-3300,16,4
G.Skill Ripjaws 4 DDR4-3333 16GB,DDR4-3333,16,4
G.Skill Ripjaws 4 DDR4-3400 16GB,DDR4-3400,16,4
"G.Skill RipJaws 4 Series, DDR4-3200, CL16 - 16 GB Kit",DDR4-3200,16,4
G.Skill Ripjaws DDR3-1066 CL7,DDR3-1066,8,2
G.Skill Ripjaws DDR3-1600 CL9,DDR3-1600,8,2
G.Skill RipJaws V,DDR4-3600,16,2
G.Skill RipJaws V,DDR4-3600,32,2
G.Skill RipJaws V,DDR4-3600,64,2
G.Skill Ripjaws V,DDR4-3600,32,2
G.Skill RipJaws V,DDR4-3600,128,4
G.Skill RipJaws V,DDR4-3600,128,4
G.Skill Ripjaws V,DDR4-3200,64,2
G.Skill Ripjaws V,DDR4-3600,64,4
G.Skill Ripjaws V,DDR4-3200,128,4
G.Skill Ripjaws V DDR4-2133 32GB,DDR4-2133,32,2
G.Skill Ripjaws V DDR4-2133 32GB,DDR4-2133,32,4
G.Skill Ripjaws V DDR4-2400 16GB,DDR4-2400,16,2
G.Skill Ripjaws V DDR4-2400 16GB,DDR4-2400,16,2
G.Skill Ripjaws V DDR4-2400 16GB,DDR4-2400,16,2
G.Skill Ripjaws V DDR4-2400 16GB,DDR4-2400,16,4
G.Skill Ripjaws V DDR4-2400 32GB,DDR4-2400,32,2
G.Skill Ripjaws V DDR4-2400 32GB,DDR4-2400,32,4
G.Skill Ripjaws V DDR4-2400 8GB,DDR4-2400,8,2
G.Skill Ripjaws V DDR4-2666 16GB,DDR4-2666,16,2
G.Skill Ripjaws V DDR4-2666 16GB,DDR4-2666,16,2
G.Skill Ripjaws V DDR4-2666 16GB,DDR4-2666,16,2
G.Skill Ripjaws V DDR4-2666 16GB,DDR4-2666,16,4
G.Skill Ripjaws V DDR4-2666 32GB,DDR4-2666,32,4
G.Skill Ripjaws V DDR4-2666 32GB,DDR4-2666,32,2
G.Skill Ripjaws V DDR4-2666 64GB,DDR4-2666,64,4
G.Skill Ripjaws V DDR4-2666 8GB,DDR4-2666,8,2
G.Skill Ripjaws V DDR4-2800 16GB,DDR4-2800,16,2
G.Skill Ripjaws V DDR4-2800 16GB,DDR4-2800,16,4
G.Skill Ripjaws V DDR4-2800 16GB,DDR4-2800,16,2
G.Skill Ripjaws V DDR4-2800 16GB,DDR4-2800,16,1
G.Skill Ripjaws V DDR4-2800 16GB,DDR4-2800,16,2
G.Skill Ripjaws V DDR4-2800 16GB,DDR4-2800,16,2
G.Skill Ripjaws V DDR4-2800 16GB,DDR4-2800,16,4
G.Skill Ripjaws V DDR4-2800 32GB,DDR4-2800,32,4
G.Skill Ripjaws V DDR4-2800 32GB,DDR4-2800,32,4
G.Skill Ripjaws V DDR4-2800 32GB,DDR4-2800,32,2
G.Skill Ripjaws V DDR4-2800 32GB,DDR4-2800,32,2
G.Skill Ripjaws V DDR4-2800 64GB,DDR4-2800,64,4
G.Skill Ripjaws V DDR4-2800 64GB,DDR4-2800,64,4
G.Skill Ripjaws V DDR4-2800 8GB,DDR4-2800,8,2
G.Skill Ripjaws V DDR4-2800 8GB,DDR4-2800,8,2
G.Skill Ripjaws V DDR4-2800 8GB,DDR4-2800,8,1
G.Skill Ripjaws V DDR4-3000 128GB,DDR4-3000,128,8
G.Skill Ripjaws V DDR4-3000 128GB,DDR4-3000,128,8
G.Skill Ripjaws V DDR4-3000 16GB,DDR4-3000,16,4
G.Skill Ripjaws V DDR4-3000 16GB,DDR4-3000,16,4
G.Skill Ripjaws V DDR4-3000 16GB,DDR4-3000,16,1
G.Skill Ripjaws V DDR4-3000 16GB,DDR4-3000,16,2
G.Skill Ripjaws V DDR4-3000 16GB,DDR4-3000,16,2
G.Skill Ripjaws V DDR4-3000 16GB,DDR4-3000,16,2
G.Skill Ripjaws V DDR4-3000 16GB,DDR4-3000,16,2
G.Skill Ripjaws V DDR4-3000 16GB,DDR4-3000,16,2
G.Skill Ripjaws V DDR4-3000 32GB,DDR4-3000,32,4
G.Skill Ripjaws V DDR4-3000 32GB,DDR4-3000,32,2
G.Skill Ripjaws V DDR4-3000 32GB,DDR4-3000,32,4
G.Skill Ripjaws V DDR4-3000 32GB,DDR4-3000,32,4
G.Skill Ripjaws V DDR4-3000 32GB,DDR4-3000,32,2
G.Skill Ripjaws V DDR4-3000 32GB,DDR4-3000,32,4
G.Skill Ripjaws V DDR4-3000 32GB,DDR4-3000,32,2
G.Skill Ripjaws V DDR4-3000 64GB,DDR4-3000,64,8
G.Skill Ripjaws V DDR4-3000 64GB,DDR4-3000,64,4
G.Skill Ripjaws V DDR4-3000 64GB,DDR4-3000,64,4
G.Skill Ripjaws V DDR4-3000 64GB,DDR4-3000,64,4
G.Skill Ripjaws V DDR4-3000 64GB,DDR4-3000,64,8
G.Skill Ripjaws V DDR4-3000 8GB,DDR4-3000,8,2
G.Skill Ripjaws V DDR4-3000 8GB,DDR4-3000,8,2
G.Skill Ripjaws V DDR4-3200 16GB,DDR4-3200,16,4
G.Skill Ripjaws V DDR4-3200 16GB,DDR4-3200,16,1
G.Skill Ripjaws V DDR4-3200 32GB,DDR4-3200,32,4
G.Skill Ripjaws V DDR4-3200 32GB,DDR4-3200,32,4
G.Skill Ripjaws V DDR4-3200 32GB,DDR4-3200,32,4
G.Skill Ripjaws V DDR4-3200 32GB,DDR4-3200,32,4
G.Skill Ripjaws V DDR4-3200 32GB,DDR4-3200,32,4
G.Skill Ripjaws V DDR4-3200 64GB,DDR4-3200,64,8
G.Skill Ripjaws V DDR4-3200 64GB,DDR4-3200,64,8
G.Skill Ripjaws V DDR4-3200 64GB,DDR4-3200,64,4
G.Skill Ripjaws V DDR4-3200 64GB,DDR4-3200,64,8
G.Skill Ripjaws V DDR4-3200 8GB,DDR4-3200,8,2
G.Skill Ripjaws V DDR4-3333 16GB,DDR4-3333,16,2
G.Skill Ripjaws V DDR4-3333 16GB,DDR4-3333,16,2
G.Skill Ripjaws V DDR4-3333 32GB,DDR4-3333,32,4
G.Skill Ripjaws V DDR4-3333 32GB,DDR4-3333,32,2
G.Skill Ripjaws V DDR4-3333 32GB,DDR4-3333,32,4
G.Skill Ripjaws V DDR4-3333 64GB,DDR4-3333,64,4
G.Skill Ripjaws V DDR4-3333 64GB,DDR4-3333,64,4
G.Skill Ripjaws V DDR4-3400 32GB,DDR4-3400,32,4
G.Skill Ripjaws V DDR4-3400 64GB,DDR4-3400,64,4
G.Skill Ripjaws V DDR4-3466 16GB,DDR4-3466,16,4
G.Skill Ripjaws V DDR4-3466 32GB,DDR4-3466,32,4
G.Skill Ripjaws V DDR4-3466 32GB,DDR4-3466,32,4
G.Skill Ripjaws V DDR4-3466 8GB,DDR4-3466,8,2
G.Skill Ripjaws V DDR4-3600 16GB,DDR4-3600,16,4
G.Skill Ripjaws V DDR4-3600 32GB,DDR4-3600,32,4
G.Skill Ripjaws V DDR4-3600 8GB,DDR4-3600,8,2
G.Skill Ripjaws V DDR4-3733 8GB,DDR4-3733,8,2
G.Skill Ripjaws V DDR4-3866 8GB,DDR4-3866,8,2
G.Skill Ripjaws V DDR4-4000 8GB,DDR4-4000,8,2
G.Skill RipJaws V Series,DDR4-2666,32,1
G.Skill RipJaws V Series,DDR4-3000,16,2
G.Skill RipJaws V Series,DDR4-3200,32,1
G.Skill RipJaws V Series,DDR4-2666,64,2
G.Skill RipJaws V Series,DDR4-3200,128,4
G.Skill RipJaws V Series,DDR4-2666,128,4
G.Skill RipJaws V Series black,DDR4-3200,16,4
G.Skill RipJaws V Series black,DDR4-3000,16,2
G.Skill RipJaws-X DDR3-1333 CL9,DDR3-1333,8,1
G.Skill Ripjaws-X DDR3-1600 CL9,DDR3-1600,8,2
G.Skill Ripjaws-X DDR3-2400 CL11,DDR3-2400,32,4
G.Skill Sniper X Series,DDR4-3200,64,4
G.Skill Sniper X Series,DDR4-3200,32,4
G.Skill Sniper X Series,DDR4-3200,32,4
G.Skill Sniper X Series,DDR4-3200,64,4
G.Skill Sniper X Series,DDR4-3200,32,4
G.Skill Trident Z,DDR4-3200,32,2
G.Skill Trident Z DDR4-2800 32GB,DDR4-2800,32,2
G.Skill Trident Z DDR4-2800 8GB,DDR4-2800,8,2
G.Skill Trident Z DDR4-2800 CL14,DDR4-2800,32,1
G.Skill Trident Z DDR4-2800 CL15,DDR4-2800,16,2
G.Skill Trident Z DDR4-3000 16GB,DDR4-3000,16,2
G.Skill Trident Z DDR4-3000 16GB,DDR4-3000,16,2
G.Skill Trident Z DDR4-3000 32GB,DDR4-3000,32,4
G.Skill Trident Z DDR4-3000 64GB,DDR4-3000,64,8
G.Skill Trident Z DDR4-3000 8GB,DDR4-3000,8,2
G.Skill Trident Z DDR4-3000 CL15,DDR4-3000,32,1
G.Skill Trident Z DDR4-3000 CL15,DDR4-3000,8,2
G.Skill Trident Z DDR4-3200 128GB,DDR4-3200,128,8
G.Skill Trident Z DDR4-3200 128GB,DDR4-3200,128,8
G.Skill Trident Z DDR4-3200 128GB,DDR4-3200,128,8
G.Skill Trident Z DDR4-3200 128GB,DDR4-3200,128,8
G.Skill Trident Z DDR4-3200 128GB,DDR4-3200,128,8
G.Skill Trident Z DDR4-3200 128GB,DDR4-3200,128,8
G.Skill Trident Z DDR4-3200 16GB,DDR4-3200,16,4
G.Skill Trident Z DDR4-3200 32GB,DDR4-3200,32,4
G.Skill Trident Z DDR4-3200 32GB,DDR4-3200,32,4
G.Skill Trident Z DDR4-3200 32GB,DDR4-3200,32,4
G.Skill Trident Z DDR4-3200 32GB,DDR4-3200,32,4
G.Skill Trident Z DDR4-3200 32GB,DDR4-3200,32,4
G.Skill Trident Z DDR4-3200 32GB,DDR4-3200,32,4
G.Skill Trident Z DDR4-3200 32GB,DDR4-3200,32,4
G.Skill Trident Z DDR4-3200 32GB,DDR4-3200,32,4
G.Skill Trident Z DDR4-3200 32GB,DDR4-3200,32,4
G.Skill Trident Z DDR4-3200 32GB,DDR4-3200,32,4
G.Skill Trident Z DDR4-3200 32GB,DDR4-3200,32,4
G.Skill Trident Z DDR4-3200 64GB,DDR4-3200,64,8
G.Skill Trident Z DDR4-3200 64GB,DDR4-3200,64,4
G.Skill Trident Z DDR4-3200 64GB,DDR4-3200,64,8
G.Skill Trident Z DDR4-3200 64GB,DDR4-3200,64,8
G.Skill Trident Z DDR4-3200 64GB,DDR4-3200,64,8
G.Skill Trident Z DDR4-3200 64GB,DDR4-3200,64,8
G.Skill Trident Z DDR4-3200 64GB,DDR4-3200,64,8
G.Skill Trident Z DDR4-3200 64GB,DDR4-3200,64,8
G.Skill Trident Z DDR4-3200 64GB,DDR4-3200,64,8
G.Skill Trident Z DDR4-3200 64GB,DDR4-3200,64,8
G.Skill Trident Z DDR4-3200 64GB,DDR4-3200,64,8
G.Skill Trident Z DDR4-3200 8GB,DDR4-3200,8,2
G.Skill Trident Z DDR4-3200 CL16,DDR4-3200,32,4
G.Skill Trident Z DDR4-3200 CL16,DDR4-3200,8,2
G.Skill Trident Z DDR4-3300 128GB,DDR4-3300,128,8
G.Skill Trident Z DDR4-3300 32GB,DDR4-3300,32,4
G.Skill Trident Z DDR4-3300 32GB,DDR4-3300,32,4
G.Skill Trident Z DDR4-3300 32GB,DDR4-3300,32,4
G.Skill Trident Z DDR4-3300 64GB,DDR4-3300,64,4
G.Skill Trident Z DDR4-3300 64GB,DDR4-3300,64,8
G.Skill Trident Z DDR4-3300 64GB,DDR4-3300,64,8
G.Skill Trident Z DDR4-3300 64GB,DDR4-3300,64,4
G.Skill Trident Z DDR4-3300 64GB,DDR4-3300,64,4
G.Skill Trident Z DDR4-3300 64GB,DDR4-3300,64,8
G.Skill Trident Z DDR4-3333 128GB,DDR4-3333,128,8
G.Skill Trident Z DDR4-3333 16GB,DDR4-3333,16,2
G.Skill Trident Z DDR4-3333 16GB,DDR4-3333,16,2
G.Skill Trident Z DDR4-3333 16GB,DDR4-3333,16,2
G.Skill Trident Z DDR4-3333 16GB,DDR4-3333,16,2
G.Skill Trident Z DDR4-3333 16GB,DDR4-3333,16,2
G.Skill Trident Z DDR4-3333 32GB,DDR4-3333,32,2
G.Skill Trident Z DDR4-3333 32GB,DDR4-3333,32,2
G.Skill Trident Z DDR4-3333 32GB,DDR4-3333,32,4
G.Skill Trident Z DDR4-3333 32GB,DDR4-3333,32,4
G.Skill Trident Z DDR4-3333 32GB,DDR4-3333,32,4
G.Skill Trident Z DDR4-3333 32GB,DDR4-3333,32,4
G.Skill Trident Z DDR4-3333 32GB,DDR4-3333,32,2
G.Skill Trident Z DDR4-3333 64GB,DDR4-3333,64,8
G.Skill Trident Z DDR4-3333 64GB,DDR4-3333,64,8
G.Skill Trident Z DDR4-3333 64GB,DDR4-3333,64,4
G.Skill Trident Z DDR4-3400 16GB,DDR4-3400,16,2
G.Skill Trident Z DDR4-3400 32GB,DDR4-3400,32,4
G.Skill Trident Z DDR4-3400 32GB,DDR4-3400,32,4
G.Skill Trident Z DDR4-3400 32GB,DDR4-3400,32,4
G.Skill Trident Z DDR4-3400 64GB,DDR4-3400,64,4
G.Skill Trident Z DDR4-3400 CL16,DDR4-3400,32,4
G.Skill Trident Z DDR4-3466 16GB,DDR4-3466,16,4
G.Skill Trident Z DDR4-3466 32GB,DDR4-3466,32,4
G.Skill Trident Z DDR4-3466 32GB,DDR4-3466,32,4
G.Skill Trident Z DDR4-3466 32GB,DDR4-3466,32,4
G.Skill Trident Z DDR4-3466 64GB,DDR4-3466,64,4
G.Skill Trident Z DDR4-3466 64GB,DDR4-3466,64,4
G.Skill Trident Z DDR4-3466 64GB,DDR4-3466,64,8
G.Skill Trident Z DDR4-3466 64GB,DDR4-3466,64,8
G.Skill Trident Z DDR4-3466 64GB,DDR4-3466,64,8
G.Skill Trident Z DDR4-3600 16GB,DDR4-3600,16,4
G.Skill Trident Z DDR4-3600 32GB,DDR4-3600,32,4
G.Skill Trident Z DDR4-3600 64GB,DDR4-3600,64,4
G.Skill Trident Z DDR4-3600 64GB,DDR4-3600,64,4
G.Skill Trident Z DDR4-3600 64GB,DDR4-3600,64,4
G.Skill Trident Z DDR4-3600 8GB,DDR4-3600,8,2
G.Skill Trident Z DDR4-3733 16GB,DDR4-3733,16,2
G.Skill Trident Z DDR4-3733 16GB,DDR4-3733,16,2
G.Skill Trident Z DDR4-3733 16GB,DDR4-3733,16,4
G.Skill Trident Z DDR4-3733 8GB,DDR4-3733,8,2
G.Skill Trident Z DDR4-3866 16GB,DDR4-3866,16,2
G.Skill Trident Z DDR4-3866 16GB,DDR4-3866,16,2
G.Skill Trident Z DDR4-3866 16GB,DDR4-3866,16,2
G.Skill Trident Z DDR4-3866 16GB,DDR4-3866,16,4
G.Skill Trident Z DDR4-3866 32GB,DDR4-3866,32,4
G.Skill Trident Z DDR4-3866 32GB,DDR4-3866,32,4
G.Skill Trident Z DDR4-3866 32GB,DDR4-3866,32,4
G.Skill Trident Z DDR4-3866 8GB,DDR4-3866,8,2
G.Skill Trident Z DDR4-4000 16GB,DDR4-4000,16,2
G.Skill Trident Z DDR4-4000 16GB,DDR4-4000,16,2
G.Skill Trident Z DDR4-4000 16GB,DDR4-4000,16,2
G.Skill Trident Z DDR4-4000 16GB,DDR4-4000,16,2
G.Skill Trident Z DDR4-4000 16GB,DDR4-4000,16,2
G.Skill Trident Z DDR4-4000 16GB,DDR4-4000,16,2
G.Skill Trident Z DDR4-4000 32GB,DDR4-4000,32,4
G.Skill Trident Z DDR4-4000 32GB,DDR4-4000,32,4
G.Skill Trident Z DDR4-4000 32GB,DDR4-4000,32,4
G.Skill Trident Z DDR4-4000 8GB,DDR4-4000,8,2
G.Skill Trident Z DDR4-4133 16GB,DDR4-4133,16,2
G.Skill Trident Z DDR4-4133 16GB,DDR4-4133,16,2
G.Skill Trident Z DDR4-4133 16GB,DDR4-4133,16,2
G.Skill Trident Z DDR4-4133 16GB,DDR4-4133,16,2
G.Skill Trident Z DDR4-4133 8GB,DDR4-4133,8,2
G.Skill Trident Z DDR4-4266 16GB,DDR4-4266,16,2
G.Skill Trident Z DDR4-4266 16GB,DDR4-4266,16,2
G.Skill Trident Z DDR4-4266 16GB,DDR4-4266,16,2
G.Skill Trident Z DDR4-4266 8GB,DDR4-4266,8,2
G.Skill Trident Z Neo,DDR4-3600,64,2
G.Skill Trident Z Neo,DDR4-3600,32,2
G.Skill Trident Z Neo,DDR4-3600,64,4
G.Skill Trident Z Neo Series,DDR4-3000,16,2
G.Skill Trident Z Neo Series,DDR4-3000,32,2
G.Skill Trident Z Neo Series,DDR4-2666,32,2
G.Skill Trident Z Neo Series,DDR4-2666,32,4
G.Skill Trident Z Neo Series,DDR4-3600,64,4
G.Skill Trident Z Neo Series,DDR4-3200,32,4
G.Skill Trident Z Neo Series,DDR4-2666,16,2
G.Skill Trident Z Neo Series,DDR4-3000,32,4
G.Skill Trident Z Neo Series,DDR4-3200,32,4
G.Skill Trident Z Neo Series,DDR4-3000,64,4
G.Skill Trident Z Neo Series,DDR4-2666,64,4
G.Skill Trident Z Neo Series,DDR4-3200,64,4
G.Skill Trident Z Neo Series,DDR4-3600,64,4
G.Skill Trident Z Neo Series,DDR4-3600,64,4
G.Skill Trident Z Neo Series,DDR4-3200,64,4
G.Skill Trident Z RGB,DDR4-3866,32,2
G.Skill Trident Z RGB,DDR4-3600,64,2
G.Skill Trident Z RGB,DDR4-3600,32,2
G.Skill Trident Z RGB,DDR4-3200,64,2
G.Skill Trident Z RGB,DDR4-3600,128,4
G.Skill Trident Z RGB,DDR4-3600,64,4
G.Skill Trident Z RGB,DDR4-3200,128,4
G.Skill Trident Z RGB DDR4-2400 16GB,DDR4-2400,16,2
G.Skill Trident Z RGB DDR4-2400 32GB,DDR4-2400,32,4
G.Skill Trident Z RGB DDR4-2400 64GB,DDR4-2400,64,4
G.Skill Trident Z RGB DDR4-3000 16GB,DDR4-3000,16,2
G.Skill Trident Z RGB DDR4-3000 16GB,DDR4-3000,16,2
G.Skill Trident Z RGB DDR4-3000 32GB,DDR4-3000,32,4
G.Skill Trident Z RGB DDR4-3000 32GB,DDR4-3000,32,4
G.Skill Trident Z RGB DDR4-3200 32GB,DDR4-3200,32,4
G.Skill Trident Z RGB DDR4-3466 32GB,DDR4-3466,32,4
G.Skill Trident Z RGB DDR4-3600 32GB,DDR4-3600,32,4
G.Skill Trident Z RGB DDR4-3600 32GB,DDR4-3600,32,4
G.Skill Trident Z RGB DDR4-3866 16GB,DDR4-3866,16,2
G.Skill Trident Z RGB DDR4-4000 16GB,DDR4-4000,16,2
G.Skill Trident Z RGB DDR4-4266 16GB,DDR4-4266,16,2
G.Skill Trident Z RGB Series,DDR4-3000,32,4
G.Skill Trident Z RGB Series,DDR4-2400,32,2
G.Skill Trident Z RGB Series,DDR4-3000,16,2
G.Skill Trident Z RGB Series,DDR4-4133,16,2
G.Skill Trident Z RGB Series,DDR4-3000,32,2
G.Skill Trident Z RGB Series,DDR4-3600,32,4
G.Skill Trident Z RGB Series,DDR4-3866,32,4
G.Skill Trident Z RGB Series,DDR4-3200,32,4
G.Skill Trident Z RGB Series,DDR4-3000,64,4
G.Skill Trident Z RGB Series,DDR4-3600,64,4
G.Skill Trident Z RGB Series für AMD Ryzen,DDR4-2933,32,2
G.Skill Trident Z RGB Series für AMD Ryzen,DDR4-2933,32,2
G.Skill Trident Z RGB Series für AMD Ryzen,DDR4-2933,16,2
G.Skill Trident Z RGB Series für AMD Ryzen,DDR4-2933,64,8
G.Skill Trident Z RGB Series für AMD Ryzen,DDR4-2400,16,2
G.Skill Trident Z RGB Series für AMD Ryzen,DDR4-2933,16,2
G.Skill Trident Z RGB Series für AMD Ryzen,DDR4-2400,32,2
G.Skill Trident Z RGB Series für AMD Ryzen,DDR4-2400,32,4
G.Skill Trident Z RGB Series für AMD Ryzen,DDR4-3200,32,4
G.Skill Trident Z RGB Series für AMD Ryzen,DDR4-2400,64,4
G.Skill Trident Z Royal,DDR4-4000,32,2
G.Skill Trident Z Royal,DDR4-3600,32,2
G.Skill Trident Z Royal,DDR4-3600,32,2
G.Skill Trident Z Royal,DDR4-3200,64,2
G.Skill Trident Z Royal,DDR4-3200,64,2
G.Skill Trident Z Royal,DDR4-3600,64,4
G.Skill Trident Z Royal,DDR4-3600,64,4
G.Skill Trident Z Royal,DDR4-3200,128,4
G.Skill Trident Z Royal,DDR4-3200,128,4
G.Skill Trident Z Royal Series gold,DDR4-3000,16,2
G.Skill Trident Z Royal Series gold,DDR4-4600,16,2
G.Skill Trident Z Royal Series gold,DDR4-4266,16,2
G.Skill Trident Z Royal Series silver,DDR4-3000,16,2
G.Skill Trident Z Royal Series silver,DDR4-4266,16,2
G.Skill Trident Z Royal Series silver,DDR4-4600,16,2
G.Skill Trident Z Series silver/red,DDR4-3200,16,4
G.Skill Trident Z Series silver/red,DDR4-3000,16,2
G.Skill Trident Z Series silver/red,DDR4-3000,32,2
G.Skill Trident Z5 Neo RGB,DDR5-6400,48,2
G.Skill Trident Z5 Neo RGB,DDR5-6400,48,2
G.Skill Trident Z5 RGB,DDR5-8000,32,2
G.Skill Trident Z5 RGB,DDR5-8000,32,2
G.Skill Trident Z5 RGB,DDR5-6000,64,2
G.Skill Trident Z5 RGB,DDR5-6000,64,2
G.Skill Trident Z5 RGB,DDR5-6000,64,2
G.Skill Trident Z5 RGB,DDR5-6000,64,2
G.Skill Trident Z5 RGB,DDR5-6400,64,2
G.Skill Trident Z5 RGB,DDR5-6400,64,2
G.Skill Trident Z5 RGB,DDR5-7800,32,2
G.Skill Trident Z5 RGB,DDR5-7800,32,2
G.Skill TridentX DDR3-2400 CL10,DDR3-2400,8,2
G.Skill TridentX DDR3-2400 CL10,DDR3-2400,16,2
G.Skill Value DDR3-1333 CL9,DDR3-1333,2,1
G.Skill Value DDR3-1333 CL9,DDR3-1333,8,2
G.Skill Value DDR4-2133 4GB,DDR4-2133,4,1
G.Skill Value DDR4-2400 16GB,DDR4-2400,16,4
G.Skill Value DDR4-2400 32GB,DDR4-2400,32,4
G.Skill Value Series,DDR4-2133,16,2
G.Skill Value Series,DDR4-2400,4,1
G.Skill Value Series,DDR4-2133,8,1
G.Skill Value Series,DDR4-2133,8,2
G.Skill Value Series,DDR4-2666,8,1
G.Skill Value Series,DDR4-2400,8,2
G.Skill Value Series,DDR4-2400,16,2
G.Skill Value Series,DDR4-2400,16,2
G.Skill Zeta R5,DDR5-6400,128,8
G.Skill Zeta R5,DDR5-6000,128,8
G.Skill Zeta R5,DDR5-6400,64,4
G.Skill Zeta R5 Neo,DDR5-6000,64,4
G.Skill Zeta R5 Neo,DDR5-6000,128,4
Gigabyte Aorus RGB Memory,DDR4-4400,16,2
Gigabyte Aorus RGB Memory,DDR4-3333,16,2
Gigabyte Aorus RGB Memory,DDR4-3733,16,2
Gigabyte Memory,DDR4-2666,16,2
Gigabyte Memory,DDR4-3600,16,2
HyperX Fury blue DDR3-1333 CL9,DDR3-1333,8,1
HyperX Fury blue DDR3-1333 CL9,DDR3-1333,4,1
HyperX Fury blue DDR3-1333 CL9,DDR3-1333,8,2
HyperX Fury blue DDR3-1333 CL9,DDR3-1333,16,2
HyperX Fury red DDR3-1333 CL9,DDR3-1333,4,1
HyperX Fury red DDR3-1333 CL9,DDR3-1333,8,2
HyperX Fury red DDR3-1333 CL9,DDR3-1333,16,2
HyperX Fury red DDR3-1600 CL10,DDR3-1600,4,1
HyperX Fury black DDR3-1333 CL9,DDR3-1333,4,1
HyperX Fury black DDR3-1333 CL9,DDR3-1333,8,1
HyperX Fury black DDR3-1333 CL9,DDR3-1333,8,2
HyperX Fury black DDR3-1333 CL9,DDR3-1333,16,2
HyperX Fury black DDR4-2400 CL15,DDR4-2400,16,4
"HyperX Fury Series, DDR4-2133, CL14 - 16 GB Kit",DDR4-2133,16,2
"HyperX Fury Series, DDR4-2133, CL14 - 8 GB Kit",DDR4-2133,8,2
"HyperX Fury Series, DDR4-2666, CL15 - 8 GB Kit",DDR4-2666,8,2
HyperX Fury white DDR3-1333 CL9,DDR3-1333,4,1
HyperX Fury white DDR3-1333 CL9,DDR3-1333,8,1
HyperX Fury white DDR3-1333 CL9,DDR3-1333,8,2
HyperX Fury white DDR3-1333 CL9,DDR3-1333,16,2
HyperX Predator DDR3-2133 CL11,DDR3-2133,32,4
HyperX Predator DDR3-2133 CL11,DDR3-2133,8,2
HyperX Predator DDR3-2133 CL11,DDR3-2133,16,2
HyperX Predator DDR3-2400 CL11,DDR3-2400,32,4
HyperX Predator DDR3-2400 CL11,DDR3-2400,16,2
HyperX Predator DDR3-2400 CL11,DDR3-2400,8,2
HyperX Predator DDR4-3000 CL15,DDR4-3000,8,2
HyperX Predator DDR4-3000 CL15,DDR4-3000,16,2
HyperX Predator DDR4-3000 CL15,DDR4-3000,16,4
HyperX Predator DDR4-3200 CL16,DDR4-3200,8,2
HyperX Predator DDR4-3200 CL16,DDR4-3200,16,4
HyperX Predator DDR4-3200 CL16,DDR4-3200,32,4
HyperX Savage red DDR3-1600 CL9,DDR3-1600,8,2
HyperX Savage red DDR3-1600 CL9,DDR3-1600,4,1
HyperX Savage red DDR3-1600 CL9,DDR3-1600,16,2
HyperX Savage red DDR3-1600 CL9,DDR3-1600,8,1
HyperX Savage red DDR3-2133 CL11,DDR3-2133,32,4
HyperX Savage red DDR3-2133 CL11,DDR3-2133,16,2
HyperX Savage red DDR3-2133 CL11,DDR3-2133,8,2
HyperX Savage red DDR3-2133 CL11,DDR3-2133,8,1
HyperX Savage red DDR3-2400 CL11,DDR3-2400,32,4
HyperX Savage red DDR3-2400 CL11,DDR3-2400,16,2
HyperX Savage red DDR3-2400 CL11,DDR3-2400,8,1
HyperX Savage red DDR3-2400 CL11,DDR3-2400,4,1
HyperX Savage red DDR3-2400 CL11,DDR3-2400,8,2
HyperX Savage black DDR4-2133 CL13,DDR4-2133,32,4
HyperX Savage black DDR4-2133 CL13,DDR4-2133,8,2
HyperX Savage black DDR4-2133 CL13,DDR4-2133,16,4
HyperX Savage black DDR4-2133 CL13,DDR4-2133,16,2
HyperX Savage black DDR4-2400 CL12 XMP,DDR4-2400,16,4
INNO3D iChill Memory,DDR4-4000,16,2
Intenso Desktop Pro DDR3-1600 CL11,DDR3-1600,16,2
Intenso Desktop Pro DDR3-1600 CL11,DDR3-1600,4,1
Intenso Desktop Pro DDR4-2133 CL15,DDR4-2133,16,2
Intenso Desktop Pro DDR4-2133 CL15,DDR4-2133,8,2
"Kingston Branded DDR3-1333 CL9, 1,5 V Systemspeicher",DDR3-1333,8,1
"Kingston Branded DDR3-1333 CL9, 1,5 V Systemspeicher   Single Rank",DDR3-1333,4,1
"Kingston Branded DDR3-1333 CL9, 1,5 V Systemspeicher ECC",DDR3-1333,8,1
"Kingston Branded DDR3-1600 CL11, 1,5 V Systemspeicher   Single Rank",DDR3-1600,4,1
"Kingston Branded DDR3-1600 CL11, 1,5 V Systemspeicher ECC",DDR3-1600,4,1
"Kingston Branded DDR3-1600 CL11, 1,5 V Systemspeicher ECC",DDR3-1600,8,1
"Kingston Branded DDR3-1600 CL11, 1,5 V Systemspeicher reg. ECC",DDR3-1600,4,1
"Kingston Branded DDR3-1600 CL11, 1,5 V Systemspeicher reg. ECC",DDR3-1600,8,1
"Kingston Branded DDR3-1600 CL11, 1,5 V Systemspeicher reg. ECC",DDR3-1600,16,1
"Kingston Branded DDR4-2133 CL15, 1,2 V Systemspeicher",DDR4-2133,8,1
"Kingston Branded DDR4-2133 CL15, 1,2 V Systemspeicher",DDR4-2133,4,1
Kingston DDR3-1333  CL9 ECC,DDR3-1333,16,2
Kingston DDR3-1333  ECC  - Lenovo branded,DDR3-1333,8,1
Kingston DDR3-1333  ECC LV  - IBM branded,DDR3-1333,16,1
Kingston DDR3-1333  ECC Registriert - Lenovo branded,DDR3-1333,16,1
Kingston DDR3-1333 ECC  für ProLiant - HP branded,DDR3-1333,8,1
Kingston DDR3-1333 reg ECC  - Dell branded,DDR3-1333,8,1
Kingston DDR3-1333 Value CL9,DDR3-1333,8,1
Kingston DDR3-1333 Value CL9,DDR3-1333,16,2
Kingston DDR3-1600  ECC  - Fujitsu branded,DDR3-1600,8,1
Kingston DDR3-1600  ECC  - HP branded,DDR3-1600,8,1
Kingston DDR3-1600 ECC  - Dell branded,DDR3-1600,8,1
Kingston DDR3-1600 reg ECC  für ProLiant - HP branded,DDR3-1600,32,4
Kingston DDR4-2133 CL15 reg ECC  - Lenovo branded,DDR4-2133,8,1
"Kingston DDR4-2133 ECC  - Dell branded PowerEdge R230, R330, T130, T330",DDR4-2133,8,1
Kingston DDR4-2133 reg ECC  - Dell branded,DDR4-2133,16,1
Kingston DDR4-2133 reg ECC  - Dell branded,DDR4-2133,8,1
Kingston DDR4-2133 reg ECC  - Dell branded,DDR4-2133,32,1
Kingston DDR4-2400 CL17 reg ECC   - HP branded,DDR4-2400,32,1
Kingston DDR4-2400 reg ECC  - Dell branded,DDR4-2400,32,1
Kingston Fury Beast,DDR4-3600,16,2
Kingston Fury Beast,DDR4-3600,32,2
Kingston Fury Beast,DDR4-3600,64,2
Kingston Fury Beast RGB,DDR4-3600,16,1
Kingston Fury Beast RGB,DDR4-3600,32,2
Kingston Fury Beast RGB,DDR4-3600,64,2
Kingston Fury Renegade,DDR4-3600,32,2
Kingston Fury Renegade,DDR4-3600,16,2
Kingston Fury Renegade Pro,DDR5-5600,128,4
Kingston Fury Renegade Pro,DDR5-6000,32,1
Kingston Fury Renegade Pro,DDR5-6000,64,4
Kingston Fury Renegade Pro,DDR5-6000,16,1
Kingston Fury Renegade Pro,DDR5-6000,128,8
Kingston Fury Renegade Pro,DDR5-5600,64,4
Kingston Fury Renegade Pro,DDR5-5600,128,8
Kingston Fury Renegade Pro,DDR5-5600,256,8
Kingston HyperX Predator,DDR4-3000,64,4
Kingston Server DIMM,DDR4-2666,16,1
"Kingston Server DIMM, ECC REG, DDR4-2133, CL15 - 32 GB Kit",DDR4-2133,32,4
Kingston Server Premier RDIMM,DDR4-3200,32,1
Kingston Value  DDR3-1333  CL9,DDR3-1333,4,1
Kingston Value  DDR3-1333 CL9  Memory,DDR3-1333,2,1
Kingston Value  DDR4-2133  CL15 reg. ECC,DDR4-2133,4,1
Kingston Value  DDR4-2133  CL15 reg. ECC,DDR4-2133,8,1
Kingston Value  DDR4-2133  CL15 reg. ECC,DDR4-2133,16,1
"Kingston Value  DDR4-2133 CL15 ECC, registriert",DDR4-2133,8,1
Kingston Value  DDR4-2400  CL17,DDR4-2400,4,1
Kingston Value DDR4-2133  CL15,DDR4-2133,8,2
Patriot Viper Venom,DDR5-5600,16,2
Samsung DDR4-2666,DDR4-2666,32,1
Samsung RDIMM,DDR4-3200,16,1
Samsung RDIMM,DDR4-3200,128,1
Samsung RDIMM,DDR4-3200,32,1
Samsung RDIMM,DDR4-3200,8,1
Samsung RDIMM,DDR4-3200,64,1
Samsung Server DIMM,DDR4-2666,32,1
"Team Group Dark Pro ""8Pack Edition""",DDR4-3866,16,2
"Team Group Dark Pro ""8Pack Edition""",DDR4-3200,16,2
"Team Group Dark Pro Series grey, DDR4-3000, CL15 - 8 GB Kit",DDR4-3000,8,2
Team Group Dark Series black,DDR4-3000,16,4
"Team Group Dark Series black, DDR4-2800, CL16 - 32 GB Kit",DDR4-2800,32,4
Team Group Delta Series rote LED,DDR4-2400,32,2
Team Group Delta Series rote LED,DDR4-3000,32,2
Team Group Elite Plus Series black,DDR4-2133,16,4
Team Group Elite Plus Series black,DDR4-2400,32,4
Team Group Elite Plus Series black,DDR4-2133,8,2
Team Group Elite Plus Series black,DDR4-2400,16,2
Team Group Elite Plus Series black,DDR4-2400,8,2
"Team Group Elite Plus Series black, DDR4-2400, CL16 - 16 GB Kit",DDR4-2400,16,4
Team Group Elite Series black,DDR4-2400,16,1
"Team Group T-Force Dark grey, DDR4-3000, CL16 - 8 GB Kit",DDR4-3000,8,2
Team Group T-Force Dark ROG grey,DDR4-3000,16,2
"Team Group T-Force Dark ROG red, DDR4-3000, CL 16 - 16 GB Dual-Kit",DDR4-3000,16,2
"Team Group T-Force Dark red, DDR4-3000, CL16 - 8 GB Kit",DDR4-3000,8,2
Team Group T-Force Nighthawk,DDR4-2666,16,2
Team Group T-Force Nighthawk,DDR4-3200,16,2
"Team Group T-Force Nighthawk, blaue LED, DDR4-3000, CL16 - 32 GB Kit",DDR4-3000,32,2
"Team Group T-Force Nighthawk, rote LED, DDR4-3000, CL16 - 32 GB Kit",DDR4-3000,32,2
"Team Group T-Force Nighthawk, weiße LED, DDR4-3000, CL16 - 32 GB Kit",DDR4-3000,32,2
Team Group T-Force Vulcan Series grey,DDR4-2400,16,1
Team Group T-Force Vulcan Series red,DDR4-3000,16,2
Team Group T-Force Vulcan Series red,DDR4-2400,16,1
Team Group T-Force Xtreem ARGB,DDR4-4000,32,2
Team Group T-Force Xtreem ARGB,DDR4-3600,32,2
Team Group T-Force Xtreem ARGB,DDR4-4000,32,2
Team Group T-Force Xtreem ARGB,DDR4-3600,16,2
Team Group T-Force Xtreem ARGB,DDR4-3200,32,2
Team Group T-Force Xtreem ARGB,DDR4-3600,16,2
Team Group T-Force Xtreem ARGB,DDR4-3600,32,2
Team Group T-Force Xtreem ARGB,DDR4-3200,16,2
Team Group T-Force Xtreem ARGB,DDR4-4000,16,2
Team Group T-Force Xtreem ARGB,DDR4-3600,64,2
Team Group T-Force Xtreem ARGB,DDR4-4000,16,2
Team Group T-Force Xtreem ARGB,DDR4-3600,64,2
Team Group T-Force Xtreem ARGB,DDR4-3200,16,2
Team Group T-Force Xtreem ARGB,DDR4-3200,32,2
Team Group T-Force Xtreem ARGB,DDR4-3600,16,2
Team Group T-Force Xtreem ARGB,DDR4-3200,32,2
Team Group T-Force Xtreem ARGB,DDR4-3200,64,2
Team Group T-Force Xtreem ARGB,DDR4-3200,16,2
Team Group T-Force Xtreem ARGB,DDR4-3600,32,2
Team Group T-Force Xtreem ARGB,DDR4-3200,64,2
"Team Group T-Force Xtreem gold, DDR4-3866, CL18 - 8 GB Kit",DDR4-3866,8,2
"Team Group Xtreem ""8Pack Edition""",DDR4-4133,16,2
"Team Group Xtreem ""8Pack Edition""",DDR4-4500,16,2
"Team Group Xtreem ""8Pack Edition""",DDR4-3600,32,4
"Team Group Xtreem ""8Pack Edition""",DDR4-4000,32,4
"Team Group Xtreem ""8Pack Edition""",DDR4-4000,16,2
"Team Group Xtreem ""8Pack Edition""",DDR4-3200,32,4
"Team Group Xtreem silver, DDR4-3866, CL18 - 8 GB Kit",DDR4-3866,8,2
Thermaltake Toughram RGB DDR4-3000 CL16 - 16 GB Dual-Kit,DDR4-3000,16,2
Thermaltake Toughram RGB DDR4-4000 CL19- 16 GB Dual-Kit,DDR4-4000,16,2
Thermaltake Toughram RGB DDR4-4400 CL19- 16 GB Dual-Kit,DDR4-4400,16,2
